date,AUD,BRL,CAD,GBP,JPY,MXN,ZAR
2022-01-03,1.389854065323141,5.6597,1.2757,0.7424456158586383,115.27,20.57,15.8325
2022-01-04,1.3810247203424941,5.677,1.2697,0.7383343177790903,116.12,20.501,16.0
2022-01-05,1.3774104683195594,5.6876,1.27,0.7367567965814484,115.91,20.439,15.765
2022-01-06,1.3950892857142858,5.7027,1.2725,0.738606987222099,115.78,20.435,15.7075
2022-01-07,1.3915947676036737,5.6253,1.2643,0.7362143856290951,115.61,20.397,15.57
2022-01-10,1.394700139470014,5.6788,1.2679,0.7370826269624825,115.14,20.455,15.7
2022-01-11,1.3892747985551541,5.598,1.2598,0.7341065922771987,115.38,20.353,15.5125
2022-01-12,1.374192661811186,5.5541,1.2501,0.7300335815447511,114.74,20.367,15.3325
2022-01-13,1.3700506918755995,5.5122,1.2482,0.728650539201399,114.06,20.36,15.3775
2022-01-14,1.3846579894765993,5.5393,1.2549,0.731528895391368,113.89,20.316,15.38
2022-01-17,,,,,,,
2022-01-18,1.391207568169171,5.5329,1.2535,0.7359434795407712,114.6,20.378,15.4675
2022-01-19,1.383891502906172,5.4668,1.2499,0.7339449541284403,114.28,20.47,15.29
2022-01-20,1.3762730525736306,5.4052,1.2462,0.7330303474563846,114.08,20.423,15.105
2022-01-21,1.3890818169190167,5.4225,1.2542,0.737354372511429,113.72,20.468,15.07
2022-01-24,1.4082523588227012,5.5116,1.2688,0.7436602959767978,113.82,20.659,15.35
2022-01-25,1.4009526478005043,5.4818,1.2637,0.7410151908114117,113.88,20.677,15.2775
2022-01-26,1.3952839402818473,5.4366,1.2597,0.7398638650488311,114.33,20.648,15.1925
2022-01-27,1.4196479273140261,5.4252,1.2709,0.7471049682480388,115.47,20.76,15.46
2022-01-28,1.4289797084881395,5.3943,1.2753,0.7453230975627936,115.21,20.834,15.6275
2022-01-31,1.4156285390713477,5.2893,1.2694,0.7441029838529652,115.22,20.637,15.3975
2022-02-01,1.4064697609001406,5.2812,1.2688,0.7404664938911514,114.77,20.569,15.28
2022-02-02,1.4035087719298245,5.2787,1.2689,0.7371913011426465,114.36,20.5898,15.385
2022-02-03,1.3999720005599887,5.3047,1.2679,0.7351860020585208,114.88,20.554,15.28
2022-02-04,1.4150275930380642,5.3266,1.2759,0.7383888355608063,115.22,20.718,15.47
2022-02-07,1.4062719729995783,5.2922,1.2685,0.7389344565137073,115.09,20.644,15.5125
2022-02-08,1.401934669844385,5.2712,1.2709,0.7378984651711925,115.62,20.636,15.35
2022-02-09,1.3921759710427397,5.2641,1.2675,0.7385524372230428,115.44,20.5,15.2325
2022-02-10,1.3802622498274673,5.1978,1.2647,0.7333528894103843,115.84,20.433,15.0275
2022-02-11,1.3933398355858995,5.2015,1.2678,0.7352400558782441,115.91,20.406,15.0825
2022-02-14,1.4031149151115476,5.2153,1.2732,0.7398638650488311,115.72,20.402,15.1075
2022-02-15,1.3982102908277405,5.1807,1.2742,0.738606987222099,115.64,20.363,15.075
2022-02-16,1.3921759710427397,5.1584,1.2687,0.736105999263894,115.41,20.312,15.06
2022-02-17,1.389854065323141,5.1599,1.2696,0.733998825601879,115.03,20.285,14.97
2022-02-18,1.3939224979091163,5.1219,1.2748,0.736105999263894,115.08,20.299,15.1175
2022-02-21,,,,,,,
2022-02-22,1.383891502906172,5.0611,1.2736,0.735456350665588,114.94,20.282,15.045
2022-02-23,1.3802622498274673,5.0181,1.2717,0.7377351530800443,115.12,20.245,15.0975
2022-02-24,1.401934669844385,5.1248,1.284,0.748502994011976,115.45,20.643,15.43
2022-02-25,1.3854253255749516,5.1515,1.274,0.7458790184232118,115.62,20.415,15.2025
2022-02-28,1.3772207684891888,5.1599,1.2662,0.7452120128176466,115.11,20.403,15.3975
2022-03-01,1.379690949227373,5.1595,1.2709,0.7508634930169694,114.87,20.579,15.415
2022-03-02,1.3732491073880804,5.1511,1.2657,0.7482229704451927,115.59,20.619,15.29
2022-03-03,1.367053998632946,5.0551,1.2675,0.75041272699985,115.67,20.714,15.215
2022-03-04,1.358326541700625,5.0867,1.276,0.7567731194187983,114.65,20.936,15.4
2022-03-07,1.3659336156262807,5.0841,1.2772,0.7624857033930613,115.41,21.236,15.3525
2022-03-08,1.3770311209033326,5.0874,1.2893,0.7633005114113426,115.64,21.396,15.3025
2022-03-09,1.365560562610952,4.9932,1.2812,0.7598784194528875,115.87,20.952,14.9975
2022-03-10,1.3585110718652358,5.0424,1.2772,0.7628928898382668,116.05,20.974,15.04
2022-03-11,1.3683634373289546,5.0513,1.2723,0.7655209369976269,117.08,20.964,15.06
2022-03-14,1.3835085777531821,5.0834,1.2774,0.7666360012266176,118.0,20.906,15.06
2022-03-15,1.3896609227348526,5.1424,1.2806,0.7654037504783774,118.19,20.885,15.1025
2022-03-16,1.3791201213625708,5.1083,1.2742,0.7635919364691508,118.48,20.728,15.01
2022-03-17,1.353546291283162,5.0427,1.2637,0.7599361653621095,118.45,20.551,14.875
2022-03-18,1.3509862199405567,5.0165,1.2633,0.7593591009188245,119.17,20.404,14.995
2022-03-21,1.3478905512872354,4.9477,1.258,0.7575183698204682,119.15,20.286,14.8975
2022-03-22,1.3444474321054047,4.9365,1.2604,0.754261577915221,120.66,20.265,14.845
2022-03-23,1.3336889837289942,4.8479,1.2555,0.7568876778686043,121.02,20.17,14.7525
2022-03-24,1.3324450366422387,4.8202,1.2532,0.758552681483729,122.08,20.12,14.5375
2022-03-25,1.3331555792560992,4.7577,1.2512,0.7579777154551657,121.98,19.94,14.58
2022-03-28,1.3363624214887078,4.7917,1.255,0.7638835841417768,123.25,20.14,14.7
2022-03-29,1.3329778725673154,4.7554,1.2513,0.7619047619047619,122.61,20.012,14.555
2022-03-30,1.3319126265316994,4.7695,1.2495,0.7605141075366948,121.97,19.833,14.4775
2022-03-31,1.3335111348179758,4.7264,1.2482,0.7603406326034063,121.44,19.911,14.615
2022-04-01,1.3345789403443213,4.6944,1.2507,0.7625438462711607,122.6,19.837,14.6575
2022-04-04,1.3246787653993906,4.6195,1.2491,0.7624275693809087,122.7,19.745,14.575
2022-04-05,1.3161358252171624,4.6592,1.2452,0.7633005114113426,123.48,19.932,14.6475
2022-04-06,1.3259082471492973,4.6892,1.2502,0.7644091117566121,123.7,20.045,14.6425
2022-04-07,1.3383297644539616,4.7619,1.2592,0.7656967840735068,123.8,20.16,14.7975
2022-04-08,1.3403029084573115,4.7495,1.2577,0.7673419275629221,124.31,20.077,14.6475
2022-04-11,1.3477088948787062,4.7031,1.2622,0.7672830507174098,125.55,20.01,14.6025
2022-04-12,1.3368983957219251,4.6705,1.2609,0.7674008134448623,125.25,19.841,14.49
2022-04-13,1.3458950201884252,4.684,1.2595,0.7649938800489596,125.51,19.802,14.535
2022-04-14,1.3506212857914641,4.707,1.2628,0.7661661048115231,125.92,19.99,14.6525
2022-04-15,1.3511687609782461,4.6965,1.2613,0.765345170671973,126.31,19.953,14.615
2022-04-18,1.3599891200870393,4.6772,1.262,0.7681081496274675,126.77,19.9311,14.6975
2022-04-19,1.3568521031207599,4.6689,1.2618,0.7686985932815743,128.55,20.05,14.935
2022-04-20,1.3419216317767042,4.6171,1.249,0.7659900421294522,127.76,19.999,15.0575
2022-04-21,1.3557483731019522,4.622,1.2526,0.7667535654040791,128.62,20.165,15.39
2022-04-22,1.37797988149373,4.7675,1.2716,0.7783312577833126,128.78,20.312,15.575
2022-04-25,1.3991884706870015,4.941,1.2775,0.7875255945818239,127.66,20.256,15.755
2022-04-26,1.3995801259622114,4.985,1.2796,0.792581437742728,127.37,20.434,15.83
2022-04-27,1.403705783267827,5.0058,1.283,0.7970032677133977,128.44,20.448,15.95
2022-04-28,1.4130281192595733,4.9973,1.2831,0.8036647110825363,130.94,20.561,16.0625
2022-04-29,1.4082523588227012,4.9325,1.2802,0.7958615200955034,129.84,20.359,15.7675
2022-05-02,1.4168319637291018,5.0275,1.2884,0.7985307035055498,130.18,20.431,16.025
2022-05-03,1.408649105507818,4.9999,1.2837,0.7993605115907275,130.09,20.346,15.8075
2022-05-04,1.3995801259622114,4.9962,1.2817,0.8008328661808282,129.97,20.226,15.7875
2022-05-05,1.4106361969248131,5.0481,1.2849,0.8107669855683476,130.41,20.291,16.04
2022-05-06,1.410238330277817,5.0626,1.289,0.8101101749837978,130.35,20.111,15.9925
2022-05-09,1.4308198597796538,5.1235,1.2962,0.8107012565869477,130.37,20.302,16.1625
2022-05-10,1.444043321299639,5.151,1.303,0.8121497604158207,130.21,20.403,16.17
2022-05-11,1.429796968830426,5.1042,1.2943,0.8118860112040269,130.2,20.254,16.0475
2022-05-12,1.4594279042615295,5.1368,1.3055,0.8198065256599443,128.1,20.306,16.1325
2022-05-13,1.4455044810638913,5.0801,1.2929,0.8168599901976802,129.23,20.127,16.1575
2022-05-16,1.440299582313121,5.0645,1.2883,0.8149959250203749,129.15,20.057,16.19
2022-05-17,1.4259232853272494,4.9546,1.2839,0.8020532563362208,129.31,19.973,15.9275
2022-05-18,1.4289797084881395,4.972,1.2838,0.8067118425298483,128.22,19.993,15.985
2022-05-19,1.4170327334561428,4.9035,1.2821,0.799744081893794,127.62,19.925,15.835
2022-05-20,1.422070534698521,4.8618,1.2837,0.8005123278898495,127.86,19.863,15.8475
2022-05-23,1.408649105507818,4.7934,1.2784,0.7954816641476413,127.78,19.828,15.7325
2022-05-24,1.4122299110295158,4.8275,1.284,0.7971938775510204,126.56,19.879,15.66
2022-05-25,1.4152278516841212,4.8498,1.2837,0.7975117632985086,127.31,19.837,15.7275
2022-05-26,1.4128284826222097,4.7824,1.2788,0.7947862025115244,127.23,19.801,15.7575
2022-05-27,1.397624039133473,4.7255,1.274,0.792832791564259,127.14,19.575,15.5875
2022-05-30,,,,,,,
2022-05-31,1.391207568169171,4.7264,1.2639,0.7921419518377694,128.53,19.68,15.5925
2022-06-01,1.3958682300390843,4.8003,1.267,0.8017960230917254,130.09,19.75,15.62
2022-06-02,1.3791201213625708,4.779,1.2587,0.7963685593692761,129.83,19.555,15.4775
2022-06-03,1.3871549452073797,4.7973,1.2581,0.8002560819462228,130.71,19.601,15.56
2022-06-06,1.3875398917718884,4.7974,1.257,0.7971938775510204,131.55,19.594,15.41
2022-06-07,1.3865779256794233,4.8848,1.255,0.7940289026520565,132.53,19.601,15.3525
2022-06-08,1.3854253255749516,4.8714,1.2524,0.7963685593692761,134.06,19.57,15.2625
2022-06-09,1.404494382022472,4.888,1.2651,0.7992966189753017,134.06,19.612,15.41
2022-06-10,1.417635384179189,4.9947,1.2782,0.8110300081103,134.19,19.914,15.8334
2022-06-13,1.439677512237259,5.0988,1.2851,0.8216926869350862,134.12,20.411,16.065
2022-06-14,1.4524328249818446,5.1353,1.2933,0.8325701440346349,134.89,20.671,16.05
2022-06-15,1.439677512237259,5.1117,1.297,0.829393713195654,134.5,20.661,16.0225
2022-06-16,1.4289797084881395,5.0535,1.2925,0.810307106393323,131.65,20.541,16.0225
2022-06-17,1.4444604940054888,5.142,1.3054,0.8196049504139006,135.14,20.429,16.0325
2022-06-20,,,,,,,
2022-06-21,1.4336917562724014,5.1333,1.2927,0.8145312372729494,136.25,20.195,15.8625
2022-06-22,1.442169022209403,5.1563,1.2932,0.8143322475570033,136.05,20.047,15.8925
2022-06-23,1.4507471347744088,5.2021,1.2979,0.8169934640522876,134.72,20.012,15.9722
2022-06-24,1.439677512237259,5.2363,1.2919,0.8147967082212988,135.22,19.906,15.8291
2022-06-27,1.4405070584845865,5.2078,1.287,0.8126777732629014,135.26,19.879,15.8375
2022-06-28,1.4459224985540775,5.2531,1.2882,0.819672131147541,136.19,19.983,16.015
2022-06-29,1.4520110352838682,5.2386,1.2861,0.8229775327133568,136.5,20.163,16.265
2022-06-30,1.448225923244026,5.2196,1.2871,0.82223318533136,135.69,20.118,16.31
2022-07-01,1.4729709824716455,5.3083,1.2915,0.8300132802124833,135.09,20.318,16.4075
2022-07-04,,,,,,,
2022-07-05,1.4762326542663124,5.3903,1.3064,0.8380824673147838,135.72,20.551,16.5575
2022-07-06,1.4762326542663124,5.4558,1.3052,0.8398421096833795,135.66,20.694,16.82
2022-07-07,1.4647722279185587,5.352,1.2988,0.8337502084375521,135.99,20.599,16.7475
2022-07-08,1.458151064450277,5.2961,1.2947,0.8308408109006314,136.16,20.444,16.855
2022-07-11,1.4814814814814814,5.3432,1.2979,0.8398421096833795,137.29,20.735,17.0175
2022-07-12,1.4766686355581806,5.4192,1.3003,0.8399832003359934,136.68,20.749,16.9625
2022-07-13,1.4736221632773356,5.3764,1.2956,0.8389965601141035,137.34,20.725,16.9125
2022-07-14,1.482799525504152,5.4237,1.31,0.8455229559482539,138.94,20.858,17.145
2022-07-15,1.4721036360959812,5.384,1.3041,0.8433836552247618,138.57,20.578,17.0825
2022-07-18,1.4624159110851127,5.373,1.2919,0.8340979230961715,138.23,20.389,17.0725
2022-07-19,1.4484356894553883,5.394,1.2887,0.8318083513558476,137.94,20.464,17.0533
2022-07-20,1.449905756125852,5.4325,1.2875,0.8340979230961715,138.16,20.469,17.1025
2022-07-21,1.4501160092807426,5.497,1.2885,0.8355614973262031,137.94,20.663,17.0675
2022-07-22,1.4392630972941853,5.4558,1.2861,0.8320159747067144,136.12,20.502,16.83
2022-07-25,1.438021282714984,5.4015,1.2845,0.8304268393954493,136.72,20.464,16.7925
2022-07-26,1.4411298457991066,5.3699,1.2891,0.8308408109006314,136.62,20.472,16.9525
2022-07-27,1.4448779078167895,5.2962,1.2881,0.8314625426124552,137.31,20.507,16.82
2022-07-28,1.4345144168698893,5.215,1.2835,0.8246742536698005,134.45,20.383,16.555
2022-07-29,1.4316392269148175,5.181,1.2801,0.8208158909956497,133.25,20.363,16.6175
2022-08-01,1.4214641080312722,5.1508,1.283,0.8144648965629582,131.8,20.251,16.4525
2022-08-02,1.4384349827387801,5.242,1.2855,0.818464560484531,132.32,20.52,16.6575
2022-08-03,1.443001443001443,5.2693,1.2869,0.8242664029014177,134.18,20.553,16.7825
2022-08-04,1.4355440712029859,5.2165,1.2852,0.8236553825879253,133.28,20.328,16.675
2022-08-05,1.4490653528474133,5.1987,1.2942,0.8291186468783683,135.33,20.394,16.7925
2022-08-08,1.4304105278214847,5.1331,1.2854,0.8265829062654985,134.73,20.2912,16.6361
2022-08-09,1.434102968593145,5.1302,1.288,0.8271982794275787,134.95,20.281,16.5875
2022-08-10,1.408649105507818,5.053,1.2773,0.8166598611678236,132.58,19.964,16.1725
2022-08-11,1.4046916701783958,5.1396,1.2744,0.8176614881439084,132.66,19.922,16.2146
2022-08-12,1.4072614691809737,5.086,1.2783,0.8242664029014177,133.57,19.869,16.2325
2022-08-15,1.419244961680386,5.0818,1.2891,0.8271298593879238,133.13,19.84,16.395
2022-08-16,1.426330052774212,5.1443,1.2874,0.8271298593879238,134.38,19.918,16.4025
2022-08-17,1.4463407578825571,5.1705,1.2932,0.8312551953449708,135.4,20.067,16.67
2022-08-18,1.443001443001443,5.1873,1.2945,0.835421888053467,135.29,20.085,16.84
2022-08-19,1.455604075691412,5.1947,1.2994,0.8467400508044031,137.01,20.186,17.0175
2022-08-22,1.4553922282055012,5.1669,1.3038,0.8509189925119128,137.57,20.163,17.0075
2022-08-23,1.440299582313121,5.081,1.2945,0.8443093549476529,136.36,20.017,16.9525
2022-08-24,1.4465499783017504,5.0939,1.2969,0.8473140145738011,136.92,19.896,16.9225
2022-08-25,1.4365752047119666,5.116,1.2944,0.8472422265525714,136.83,19.944,16.7825
2022-08-26,1.4448779078167895,5.0826,1.3006,0.8490405841399219,137.07,19.913,16.805
2022-08-29,1.4473874656245478,5.0273,1.3001,0.8533879501621437,138.74,20.015,16.825
2022-08-30,1.4545454545454546,5.077,1.309,0.8582954252853832,138.73,20.095,16.9475
2022-08-31,1.4564520827264784,5.187,1.3091,0.8585901948999742,138.69,20.086,17.035
2022-09-01,1.4749262536873156,5.2238,1.316,0.8664760419374405,139.93,20.22,17.2825
2022-09-02,1.4609203798392987,5.172,1.3089,0.8634087376964256,140.03,19.927,17.2125
2022-09-05,,,,,,,
2022-09-06,1.4814814814814814,5.2305,1.3122,0.8658758334054896,142.95,20.109,17.2575
2022-09-07,1.4856633486851878,5.248,1.3166,0.8716116098666434,144.39,20.026,17.33
2022-09-08,1.4836795252225519,5.2196,1.3118,0.8703977717817042,144.05,19.985,17.4825
2022-09-09,1.4607069821793748,5.1541,1.3036,0.8620689655172414,142.44,19.887,17.2625
2022-09-12,1.4520110352838682,5.1562,1.2976,0.854627809588924,142.41,19.8,17.12
2022-09-13,1.478633742422002,5.186,1.3123,0.8676036786395974,144.3,20.066,17.3875
2022-09-14,1.481042654028436,5.1755,1.3156,0.8647526807333102,142.93,19.953,17.4525
2022-09-15,1.4907573047107932,5.233,1.3204,0.8716875871687587,143.57,20.067,17.555
2022-09-16,1.4918693122482471,5.287,1.3273,0.875733426744899,143.04,20.017,17.6525
2022-09-19,1.4938751120406335,5.1762,1.3287,0.8769622029290537,143.34,20.0,17.7175
2022-09-20,1.4916467780429594,5.1516,1.3339,0.8768084173608066,143.64,19.995,17.6975
2022-09-21,1.501276084671971,5.1806,1.3397,0.8826125330979699,144.14,19.995,17.6933
2022-09-22,1.5069318866787222,5.1742,1.3499,0.8873901854645487,142.16,19.964,17.581
2022-09-23,1.528350909368791,5.237,1.3581,0.9156670634557275,143.18,20.176,17.9175
2022-09-26,1.5465511908444172,5.3914,1.3745,0.934317481080071,144.45,20.373,18.0827
2022-09-27,1.5515903801396431,5.3595,1.3738,0.9299730307821074,144.71,20.316,17.9675
2022-09-28,1.5356265356265357,5.3636,1.3648,0.9231905465288036,144.15,20.305,17.8625
2022-09-29,1.5408320493066254,5.3943,1.37,0.9051412020275162,144.45,20.15,17.975
2022-09-30,1.5535187199005747,5.4008,1.3752,0.8981498113885397,144.71,20.115,18.075
2022-10-03,1.5382248884786955,5.1823,1.3651,0.8871540099361249,144.5,20.033,17.875
2022-10-04,1.5401201293700908,5.1523,1.3551,0.8736676568233444,144.32,19.97,17.62
2022-10-05,1.5465511908444172,5.2205,1.3662,0.8869179600886918,144.73,20.107,17.8225
2022-10-06,1.5598190609889253,5.2052,1.3732,0.898230485942693,144.94,20.111,17.9325
2022-10-07,1.564210855623338,5.2151,1.3692,0.8996041741633681,145.19,20.03,18.08
2022-10-10,,,,,,,
2022-10-11,1.5800284405119291,5.2105,1.3737,0.8954154727793696,145.55,19.947,18.025
2022-10-12,1.5941335883947076,5.2929,1.3797,0.9012256669069936,146.87,20.025,18.28
2022-10-13,1.591089896579157,5.2779,1.3744,0.8815232722143864,147.15,19.992,18.2575
2022-10-14,1.6079755587715066,5.298,1.3873,0.8922198429693077,148.46,20.068,18.295
2022-10-17,1.5850372483753368,5.2606,1.3723,0.8751203290452437,148.71,19.978,18.0
2022-10-18,1.5921031682853048,5.2905,1.379,0.8844078889183691,149.23,20.04,18.1575
2022-10-19,1.5946420028703556,5.2816,1.3783,0.8903133903133903,149.77,20.126,18.28
2022-10-20,1.578282828282828,5.2053,1.3715,0.885896527285613,149.82,20.031,18.2075
2022-10-21,1.5703517587939697,5.175,1.3673,0.8855827134254339,146.35,19.898,18.12
2022-10-24,1.5847860538827259,5.2768,1.3704,0.8853474988933157,148.76,19.945,18.3975
2022-10-25,1.563721657544957,5.2898,1.3616,0.8719155985700584,147.85,19.867,18.2025
2022-10-26,1.5386982612709648,5.3228,1.3551,0.8609556607834696,146.5,19.866,17.949
2022-10-27,1.543924656476764,5.2839,1.3532,0.8640055296353897,146.02,19.838,17.9075
2022-10-28,1.5634771732332708,5.3547,1.3622,0.8640801866413204,147.68,19.824,18.1761
2022-10-31,1.563966218329684,5.2464,1.3639,0.8684324793747287,148.63,19.848,18.3775
2022-11-01,1.5644555694618274,5.1073,1.3639,0.8726003490401397,148.11,19.735,18.2425
2022-11-02,1.5595757953836558,5.1432,1.3628,0.8720676724513822,147.11,19.665,18.19
2022-11-03,1.5888147442008262,5.1005,1.3729,0.8942144326209425,148.18,19.675,18.405
2022-11-04,1.5540015540015542,5.0443,1.3528,0.8866034222892101,147.22,19.532,17.985
2022-11-07,1.547269070091289,5.1222,1.3497,0.8723719794120212,146.64,19.467,17.745
2022-11-08,1.5278838808250574,5.1422,1.3389,0.8624407072013799,145.38,19.464,17.6525
2022-11-09,1.5508684863523572,5.1499,1.3453,0.8775008775008776,146.15,19.571,17.715
2022-11-10,1.5174506828528072,5.3287,1.3362,0.8563843452941681,141.78,19.37,17.4325
2022-11-11,,,,,,,
2022-11-14,1.4936519790888723,5.3173,1.3295,0.8526603001364256,140.43,19.392,17.3425
2022-11-15,1.475143826523086,5.333,1.328,0.8410428931875525,139.36,19.381,17.2548
2022-11-16,1.4852220406950838,5.3542,1.3343,0.8411136344520144,139.59,19.314,17.2425
2022-11-17,1.5001500150015001,5.4584,1.3343,0.8465966813410091,140.45,19.44,17.3975
2022-11-18,1.49678191887442,5.3757,1.3379,0.8401949252226517,140.03,19.487,17.23
2022-11-21,1.5174506828528072,5.3335,1.3483,0.848536274925753,141.95,19.542,17.33
2022-11-22,1.5071590052750565,5.3571,1.3401,0.8417508417508418,141.29,19.451,17.2675
2022-11-23,1.4909795735798421,5.3905,1.3416,0.8305647840531561,139.76,19.373,17.0225
2022-11-24,,,,,,,
2022-11-25,1.4814814814814814,5.3838,1.337,0.8263097008758883,139.21,19.333,17.105
2022-11-28,1.4938751120406335,5.368,1.3433,0.8304958059961798,138.67,19.308,17.1075
2022-11-29,1.4945449110745777,5.2945,1.3636,0.8336112037345782,138.28,19.22,16.985
2022-11-30,1.4887598630340926,5.2563,1.3538,0.8359806052499582,139.31,19.366,16.955
2022-12-01,1.4697236919459142,5.1868,1.3427,0.8161932745674175,135.55,19.15,17.6389
2022-12-02,1.4703720041170416,5.21,1.3448,0.8135372600065083,134.89,19.342,17.4425
2022-12-05,1.4896469536719796,5.2611,1.3571,0.8217602103706138,136.55,19.76,17.4672
2022-12-06,1.4929829799940282,5.2415,1.3652,0.8195377806916899,136.67,19.845,17.34
2022-12-07,1.4876524843796488,5.2187,1.364,0.8200754469411186,136.57,19.702,17.1575
2022-12-08,1.4773230905599055,5.2003,1.3574,0.8173273395995095,136.45,19.673,17.1444
2022-12-09,1.4686444411807902,5.2365,1.3604,0.8122816992933148,136.4,19.797,17.34
2022-12-12,1.4834594273846609,5.3344,1.3654,0.814000814000814,137.47,19.821,17.5725
2022-12-13,1.4558159848595138,5.269,1.353,0.8080808080808081,135.14,19.641,17.255
2022-12-14,1.4575134819997084,5.2997,1.3567,0.8059316569954869,134.95,19.698,17.1625
2022-12-15,1.4925373134328357,5.3285,1.3649,0.8192692118630183,137.92,19.786,17.4775
2022-12-16,1.4945449110745777,5.2725,1.369,0.8218277449046679,136.55,19.787,17.6775
2022-12-19,1.4900908955446281,5.3097,1.3638,0.8210180623973727,136.87,19.726,17.2925
2022-12-20,1.5003750937734435,5.2006,1.3618,0.8233163181294254,131.08,19.795,17.32
2022-12-21,1.4934289127837514,5.1955,1.3622,0.8283631544068919,132.36,19.715,17.175
2022-12-22,1.49902563333833,5.1655,1.3653,0.8311170212765957,132.34,19.592,17.1425
2022-12-23,1.4903129657228018,5.1368,1.3587,0.8296001327360212,132.78,19.43,16.9725
2022-12-26,,,,,,,
2022-12-27,1.483239394838327,5.279,1.3504,0.8311170212765957,133.43,19.4,17.303
2022-12-28,1.481042654028436,5.2675,1.3588,0.8309788931361143,134.27,19.398,17.115
2022-12-29,1.475143826523086,5.2547,1.3546,0.8291873963515755,133.16,19.357,16.89
2022-12-30,1.4695077149155034,5.286,1.3532,0.8280202036929701,131.81,19.496,16.995
2023-01-02,,,,,,,
2023-01-03,1.4858841010401187,5.4257,1.3664,0.835421888053467,130.83,19.421,17.015
2023-01-04,1.4577259475218658,5.443,1.3492,0.8289811821271658,132.0,19.33,16.87
2023-01-05,1.482799525504152,5.384,1.3579,0.8401949252226517,133.57,19.375,17.225
2023-01-06,1.456876456876457,5.2533,1.3452,0.8289124668435014,132.21,19.172,17.1875
2023-01-09,1.4392630972941853,5.2648,1.3372,0.8192692118630183,131.58,19.176,16.8875
2023-01-10,1.452854859799506,5.2159,1.3433,0.8227067050596463,132.25,19.105,17.035
2023-01-11,1.4494854326714017,5.195,1.3422,0.8247422680412372,132.58,19.018,16.92
2023-01-12,1.439677512237259,5.112,1.338,0.8208832703989493,129.75,18.875,16.8278
2023-01-13,1.4388489208633095,5.0968,1.3413,0.8200754469411186,127.85,18.785,16.82
2023-01-16,,,,,,,
2023-01-17,1.43143429716576,5.0974,1.338,0.8153946510110894,128.18,18.74,17.0775
2023-01-18,1.4310246136233544,5.1288,1.3436,0.8084727948904519,128.45,18.748,17.025
2023-01-19,1.4520110352838682,5.2233,1.3494,0.8086689309396734,128.48,19.066,17.3325
2023-01-20,1.4382281029771322,5.2109,1.3416,0.8081461128171973,129.97,18.912,17.1525
2023-01-23,1.4236902050113895,5.1884,1.3384,0.8084074373484236,130.69,18.824,17.1775
2023-01-24,1.4200511218403862,5.1405,1.3369,0.8114907084313885,130.07,18.841,17.2
2023-01-25,1.4118311449950585,5.0902,1.3413,0.8081461128171973,129.64,18.844,17.1625
2023-01-26,1.40964195094446,5.0875,1.3348,0.8084074373484236,130.4,18.836,17.2275
2023-01-27,1.4080540692762602,5.0902,1.3314,0.8078196946441554,129.94,18.773,17.185
2023-01-30,1.4132278123233466,5.1024,1.335,0.8082114281095935,130.34,18.77,17.355
2023-01-31,1.4184397163120568,5.0934,1.3333,0.8114248620577735,130.17,18.798,17.4275
2023-02-01,1.4150275930380642,5.0746,1.3335,0.8124796880077999,129.27,18.708,17.165
2023-02-02,1.411631846414455,5.0138,1.3317,0.8156606851549756,128.45,18.618,17.0975
2023-02-03,1.439677512237259,5.1339,1.3395,0.8282945415389712,131.07,18.883,17.475
2023-02-06,1.4558159848595138,5.2025,1.3442,0.8327088017320342,132.76,19.21,17.665
2023-02-07,1.444043321299639,5.1868,1.344,0.8324315325064513,131.37,19.03,17.5925
2023-02-08,1.4407145944388415,5.2183,1.343,0.8269246671628214,131.27,18.957,17.75
2023-02-09,1.4359563469270533,5.2528,1.3428,0.8225713580653121,130.98,18.959,17.705
2023-02-10,1.4452955629426218,5.2528,1.3363,0.8291186468783683,131.5,18.708,17.9325
2023-02-13,1.4359563469270533,5.1822,1.3348,0.8239947264337508,132.71,18.626,17.85
2023-02-14,1.4363688595231254,5.1738,1.3367,0.8225713580653121,133.05,18.541,17.9075
2023-02-15,1.4507471347744088,5.2172,1.3401,0.831186102568365,134.22,18.601,18.06
2023-02-16,1.451589490492089,5.2313,1.3451,0.8320852055250457,133.95,18.513,18.135
2023-02-17,1.4566642388929352,5.1776,1.3487,0.8325008325008325,134.21,18.416,18.025
2023-02-20,,,,,,,
2023-02-21,1.4566642388929352,5.1674,1.3515,0.825695648583932,134.87,18.392,18.2452
2023-02-22,1.4664906877841326,5.194,1.354,0.8289124668435014,134.77,18.35,18.1975
2023-02-23,1.4734050390452336,5.1386,1.3567,0.8322237017310253,134.8,18.435,18.255
2023-02-24,1.4847809948032666,5.1865,1.3618,0.8369601606963508,136.36,18.399,18.405
2023-02-27,1.4858841010401187,5.2031,1.3574,0.8308408109006314,136.18,18.408,18.4215
2023-02-28,1.482799525504152,5.2283,1.3616,0.8269246671628214,136.09,18.345,18.3425
2023-03-01,1.4775413711583925,5.1965,1.3597,0.8309788931361143,135.82,18.095,18.1025
2023-03-02,1.488095238095238,5.2033,1.3616,0.8373806732540613,136.84,18.112,18.205
2023-03-03,1.4795088030773784,5.2067,1.3609,0.8336112037345782,136.09,18.013,18.1525
2023-03-06,1.4841199168892847,5.168,1.3606,0.8300132802124833,135.93,18.015,18.2225
2023-03-07,1.5151515151515151,5.1933,1.3736,0.8433836552247618,136.9,18.131,18.57
2023-03-08,1.5146925174189638,5.1251,1.3784,0.8448086508405847,137.18,17.949,18.59
2023-03-09,1.5126304643775526,5.1542,1.3777,0.8387854386847845,136.41,18.086,18.5275
2023-03-10,1.51285930408472,5.1838,1.3804,0.830357884248111,135.05,18.359,18.2625
2023-03-13,1.4956625785222855,5.2382,1.3687,0.8223684210526316,133.13,18.77,18.18
2023-03-14,1.5010507355148603,5.2565,1.3676,0.8233163181294254,134.33,18.719,18.1775
2023-03-15,1.5126304643775526,5.3062,1.3799,0.8311170212765957,132.81,18.957,18.4175
2023-03-16,1.503307276007216,5.28,1.3761,0.825695648583932,133.01,18.913,18.3575
2023-03-17,1.4963339817447254,5.2813,1.3753,0.8236553825879253,132.01,18.98,18.43
2023-03-20,1.4900908955446281,5.2475,1.3686,0.8158603247124092,131.59,18.82,18.53
2023-03-21,1.503307276007216,5.2458,1.3732,0.8200082000820008,132.27,18.67,18.575
2023-03-22,1.4956625785222855,5.2594,1.3722,0.8175277959450621,132.67,18.527,18.32
2023-03-23,1.4883167137966957,5.2692,1.3658,0.8115565654926149,130.99,18.489,18.0375
2023-03-24,1.5053439710973957,5.2506,1.3763,0.8179959100204499,130.64,18.498,18.1575
2023-03-27,1.5055706112616682,5.234,1.3686,0.8144648965629582,131.49,18.392,18.3375
2023-03-28,1.4905351021016544,5.1678,1.3615,0.810307106393323,130.97,18.242,18.145
2023-03-29,1.497005988023952,5.1405,1.3575,0.8121497604158207,132.69,18.094,18.0875
2023-03-30,1.4923145799134456,5.1203,1.3536,0.8085381630012938,132.71,18.095,17.8525
2023-03-31,1.4916467780429594,5.0702,1.3525,0.8084727948904519,132.75,18.025,17.73
2023-04-03,1.474056603773585,5.0683,1.3435,0.8062565508344756,132.35,18.114,17.8
2023-04-04,1.483239394838327,5.0919,1.3454,0.8001280204832774,131.6,18.158,17.9325
2023-04-05,1.4863258026159336,5.038,1.3453,0.8019889325527308,131.11,18.308,18.0
2023-04-06,1.4983518130056936,5.0644,1.3472,0.8028259473346179,131.67,18.211,18.225
2023-04-07,1.4997000599880026,5.0565,1.3513,0.8050233456770246,132.11,18.135,18.2
2023-04-10,1.509433962264151,5.0832,1.3534,0.8091924259588931,133.75,18.161,18.5275
2023-04-11,1.5039855617386073,5.0078,1.348,0.8058667096462245,133.63,18.195,18.38
2023-04-12,1.4952153110047848,4.937,1.345,0.8018603159329644,133.25,18.071,18.365
2023-04-13,1.475143826523086,4.902,1.3344,0.7980209081477934,132.37,18.01,18.0625
2023-04-14,1.4920919128618322,4.9385,1.3379,0.8053475074494644,133.74,18.049,18.1275
2023-04-17,1.4943215780035863,4.945,1.3403,0.8091269520187717,134.51,18.1014,18.3073
2023-04-18,1.4883167137966957,4.9735,1.3391,0.8052178114179885,134.11,18.0679,18.1914
2023-04-19,1.4887598630340926,5.0511,1.3454,0.8037293039704227,134.79,18.0427,18.1437
2023-04-20,1.4806040864672787,5.0422,1.3459,0.8033419023136248,134.1,18.0136,18.0333
2023-04-21,1.4945449110745777,5.0486,1.3534,0.8052178114179885,134.28,18.01,18.0847
2023-04-24,1.49678191887442,5.0554,1.3543,0.8027614995584812,134.41,18.0074,18.1605
2023-04-25,1.5087507543753773,5.0618,1.3627,0.8065817067268914,133.96,18.066,18.371
2023-04-26,1.5114873035066507,5.0487,1.3601,0.8008970046452026,133.72,18.1074,18.3729
2023-04-27,1.5119443604475356,5.0116,1.3611,0.8018603159329644,134.04,18.0706,18.2757
2023-04-28,1.5112588786459122,5.0049,1.3552,0.7947862025115244,135.99,17.9973,18.2909
2023-05-01,1.5069318866787222,4.9889,1.3541,0.8003201280512204,137.35,17.9157,18.3728
2023-05-02,1.4992503748125936,5.041,1.3627,0.8016032064128256,136.46,18.057,18.4605
2023-05-03,1.4981273408239701,5.0133,1.361,0.7970032677133977,135.31,17.896,18.2538
2023-05-04,1.4979029358897544,5.0196,1.357,0.794912559618442,133.76,17.956,18.313
2023-05-05,1.4821402104639099,4.9534,1.3419,0.790513833992095,134.85,17.7481,18.4017
2023-05-08,1.4723203769140165,4.9925,1.3356,0.7915776141850708,134.83,17.8197,18.3061
2023-05-09,1.481042654028436,4.9838,1.3399,0.7925186241876684,135.15,17.7453,18.5963
2023-05-10,1.4784151389710232,4.9559,1.3374,0.7927699381639448,134.52,17.6074,18.8769
2023-05-11,1.4938751120406335,4.958,1.3487,0.7999360051195904,134.46,17.612,19.1673
2023-05-12,1.5039855617386073,4.925,1.354,0.8023106546854942,135.63,17.6024,19.3267
2023-05-15,1.4929829799940282,4.9056,1.3482,0.7983394539358135,136.07,17.554,19.0346
2023-05-16,1.5008254539997,4.9139,1.3456,0.800384184408516,136.62,17.4297,19.0723
2023-05-17,1.5035333032626672,4.9416,1.3483,0.8016032064128256,137.51,17.5912,19.2699
2023-05-18,1.5110305228165608,4.9641,1.3502,0.8048937540244688,138.5,17.7162,19.3549
2023-05-19,1.501276084671971,4.9842,1.3508,0.8023106546854942,137.67,17.692,19.4128
2023-05-22,1.5051173991571343,4.9627,1.3508,0.8048289738430584,138.65,17.8395,19.2376
2023-05-23,1.5101177891875566,4.9535,1.3485,0.8049585446349513,138.74,17.9628,19.1925
2023-05-24,1.5288182235132242,4.9427,1.3589,0.8085381630012938,139.14,17.812,19.2327
2023-05-25,1.5370427297878881,5.0147,1.3636,0.8113590263691685,139.81,17.8332,19.7324
2023-05-26,1.5358623867301489,5.0035,1.3625,0.8102414519526819,140.53,17.6647,19.6087
2023-05-29,,,,,,,
2023-05-30,1.5353907569476433,5.0614,1.3593,0.8062565508344756,139.83,17.673,19.7067
2023-05-31,1.544878727019929,5.1087,1.3588,0.8067118425298483,139.78,17.7488,19.7787
2023-06-01,1.5204500532157519,5.0201,1.3441,0.797702616464582,138.74,17.5493,19.5935
2023-06-02,1.5114873035066507,4.9592,1.3438,0.8020532563362208,139.76,17.4976,19.5208
2023-06-05,1.5092061575611229,4.9171,1.3419,0.8038585209003215,139.64,17.464,19.2904
2023-06-06,1.4983518130056936,4.9108,1.3403,0.8052826542116283,139.67,17.4124,19.2337
2023-06-07,1.501276084671971,4.9082,1.3363,0.8031483414986748,139.98,17.3411,19.0903
2023-06-08,1.4909795735798421,4.9235,1.338,0.7970032677133977,138.83,17.4095,18.8495
2023-06-09,1.4836795252225519,4.8846,1.3342,0.7949757532395262,139.35,17.2912,18.7179
2023-06-12,1.4821402104639099,4.8773,1.3377,0.8007046200656578,139.72,17.308,18.5684
2023-06-13,1.475796930342385,4.8567,1.3298,0.7929585282689715,140.0,17.214,18.5533
2023-06-14,1.4637002341920373,4.8424,1.3283,0.7876496534341525,139.33,17.11,18.3143
2023-06-15,1.4553922282055012,4.8111,1.3237,0.7835762419683435,140.49,17.1787,18.2473
2023-06-16,1.4566642388929352,4.8309,1.3194,0.7803355442840421,141.82,17.0765,18.2033
2023-06-19,,,,,,,
2023-06-20,1.4771048744460855,4.7959,1.3246,0.7854225573358466,141.46,17.1908,18.3773
2023-06-21,1.474708745022858,4.764,1.3179,0.7851142341210646,142.09,17.1601,18.3869
2023-06-22,1.4808233377758033,4.7764,1.3164,0.7843137254901962,142.89,17.1472,18.5076
2023-06-23,1.4954389113204727,4.7734,1.3196,0.7873395795606645,143.78,17.1723,18.7525
2023-06-26,1.4963339817447254,4.77,1.3145,0.7859163784973279,143.55,17.1345,18.6602
2023-06-27,1.4963339817447254,4.8042,1.3175,0.7841907151819323,144.0,17.0833,18.5002
2023-06-28,1.510574018126888,4.8433,1.3249,0.7913270554720265,144.23,17.0731,18.6787
2023-06-29,1.5076134479119554,4.8491,1.3246,0.792581437742728,144.72,17.0976,18.7508
2023-06-30,1.5008254539997,4.8102,1.3232,0.7868439688409788,144.47,17.1439,18.8444
2023-07-03,1.497454327643007,4.79,1.3243,0.7877116975187081,144.5,17.0578,18.7457
2023-07-04,,,,,,,
2023-07-05,1.5008254539997,4.8574,1.3271,0.7867820613690009,144.56,16.9966,18.7655
2023-07-06,1.5108022359873092,4.925,1.3353,0.7861017215627703,144.09,17.2568,19.1055
2023-07-07,1.4956625785222855,4.8622,1.3284,0.7789375292101574,142.21,17.1073,18.8248
2023-07-10,1.4994751836857099,4.8652,1.3281,0.7789982083041208,141.56,17.0485,18.8343
2023-07-11,1.5006002400960385,4.8823,1.3249,0.7751337105650724,140.51,17.0853,18.555
2023-07-12,1.474491300501327,4.8148,1.3179,0.7696451935657662,138.21,16.848,18.169
2023-07-13,1.4549687181725592,4.8131,1.3126,0.7635336336565626,138.14,16.8998,17.9797
2023-07-14,1.461347362268011,4.7988,1.3204,0.7626019980172348,138.74,16.8002,18.0929
2023-07-17,1.4660606949127692,4.8249,1.3173,0.7646429117602079,138.92,16.8047,18.0349
2023-07-18,1.4669209329617134,4.7985,1.3175,0.7660487206986365,138.94,16.7423,17.8501
2023-07-19,1.478633742422002,4.8022,1.3158,0.7753140021708792,139.76,16.759,17.9255
2023-07-20,1.475361463558572,4.8074,1.3182,0.7782706825433886,140.39,16.8359,17.9679
2023-07-21,1.48434021077631,4.768,1.3217,0.7779679477205539,141.75,16.9228,17.9457
2023-07-24,1.4814814814814814,4.7309,1.3154,0.7795447458684129,141.19,16.8164,17.7303
2023-07-25,1.4725371815638344,4.7442,1.3179,0.7766387076731904,140.91,16.9099,17.6044
2023-07-26,1.4801657785671996,4.7355,1.3218,0.7733952049497294,140.41,16.8769,17.6525
2023-07-27,1.4836795252225519,4.7179,1.3194,0.7770007770007771,141.03,16.7073,17.6208
2023-07-28,1.4992503748125936,4.7306,1.3225,0.7770007770007771,140.72,16.6635,17.5949
2023-07-31,1.4858841010401187,4.7407,1.316,0.7777864198491093,142.18,16.7183,17.8081
2023-08-01,1.5126304643775526,4.7824,1.3289,0.7843137254901962,143.34,16.8414,18.2365
2023-08-02,1.5285845307245491,4.814,1.3334,0.7866582756450597,143.21,17.043,18.5437
2023-08-03,1.5257857796765335,4.882,1.334,0.7868439688409788,142.42,17.3356,18.7496
2023-08-04,1.514004542013626,4.8548,1.3337,0.7827788649706457,141.79,17.0579,18.3939
2023-08-07,1.5234613040828764,4.8971,1.3372,0.783146683373796,142.45,17.0564,18.7199
2023-08-08,1.5351550506601168,4.9083,1.3454,0.7856076675308351,143.17,17.1512,18.9689
2023-08-09,1.5325670498084292,4.902,1.3442,0.7864726700747149,143.58,17.076,18.9966
2023-08-10,1.5250876925423213,4.8453,1.3401,0.7857928650007858,144.4,16.941,18.7229
2023-08-11,1.5401201293700908,4.8944,1.3437,0.7877737513786041,144.94,16.995,18.9245
2023-08-14,1.539408866995074,4.9555,1.3451,0.7879599716334411,145.3,17.0746,19.0342
2023-08-15,1.5422578655151142,4.9753,1.3472,0.7846214201647705,145.4,17.1114,19.1134
2023-08-16,1.5527950310559007,4.966,1.3516,0.7843752451172642,145.81,17.064,19.0909
2023-08-17,1.5583606046439145,4.9836,1.3522,0.7841292244961969,146.16,17.116,19.1056
2023-08-18,1.559332605644784,4.9649,1.3557,0.7850525985241011,145.15,17.0598,18.9565
2023-08-21,1.564210855623338,4.9864,1.3563,0.7851142341210646,146.26,17.031,18.996
2023-08-22,1.556420233463035,4.937,1.3547,0.7853608733212911,145.79,16.9166,18.7985
2023-08-23,1.5458339774308238,4.8789,1.3542,0.7864726700747149,144.62,16.7987,18.4723
2023-08-24,1.5561780267662622,4.8825,1.3562,0.791514959632737,145.75,16.818,18.7636
2023-08-25,1.562255897516013,4.8765,1.3626,0.7955449482895784,146.38,16.797,18.6738
2023-08-28,1.5561780267662622,4.8931,1.3596,0.7941550190597204,146.4,16.7116,18.5492
2023-08-29,1.5482272797646695,4.8566,1.3589,0.7927699381639448,146.01,16.8436,18.4873
2023-08-30,1.539645881447267,4.8592,1.3515,0.7857928650007858,145.94,16.7435,18.6027
2023-08-31,1.546072974644403,4.9324,1.3539,0.7894529091339701,145.68,16.881,18.9061
2023-09-01,1.5506280043417584,4.9425,1.3582,0.7940289026520565,146.2,17.1523,18.8117
2023-09-04,,,,,,,
2023-09-05,1.5669069257286117,4.9643,1.3607,0.7947230390209012,147.63,17.3392,19.1981
2023-09-06,1.5669069257286117,4.969,1.3655,0.8001280204832774,147.65,17.549,19.214
2023-09-07,1.567398119122257,4.9767,1.3678,0.8009611533840609,147.13,17.5396,19.1641
2023-09-08,1.5659254619480114,4.9762,1.3621,0.8015389547932029,147.7,17.571,19.119
2023-09-11,1.5540015540015542,4.9346,1.3581,0.7981482959533882,146.46,17.368,18.8656
2023-09-12,1.5569048731122528,4.9423,1.3553,0.8014747134727899,147.12,17.2553,18.9208
2023-09-13,1.556420233463035,4.9053,1.3533,0.800768737988469,147.45,17.1055,18.7823
2023-09-14,1.5515903801396431,4.8669,1.3513,0.8058017727639,147.17,17.109,18.9677
2023-09-15,1.552312946289972,4.8674,1.3504,0.8069722401549386,147.83,17.068,19.0578
2023-09-18,1.552312946289972,4.8469,1.3482,0.8062565508344756,147.63,17.1116,19.0025
2023-09-19,1.548467017652524,4.8586,1.3431,0.8069071249899136,147.8,17.0624,18.9353
2023-09-20,1.5386982612709648,4.8471,1.3424,0.8071676487206394,147.74,17.027,18.7502
2023-09-21,1.5571473061351604,4.9212,1.3484,0.8130742336775347,147.42,17.1577,18.8952
2023-09-22,1.549666821633349,4.9128,1.3467,0.8158603247124092,148.24,17.1431,18.7435
2023-09-25,1.557632398753894,4.9637,1.3473,0.818464560484531,148.74,17.3711,18.7869
2023-09-26,1.5612802498048401,4.9835,1.3509,0.8218277449046679,148.9,17.4958,19.0449
2023-09-27,1.5703517587939697,5.0565,1.3512,0.8241984669908514,149.48,17.703,19.1989
2023-09-28,1.5559358954411078,5.0357,1.3474,0.8181297553792032,149.18,17.599,18.9731
2023-09-29,1.550147263990079,5.0021,1.3535,0.8187326019322089,149.43,17.4064,18.8828
2023-10-02,1.5686274509803924,5.077,1.3666,0.8244023083264632,149.8,17.5457,19.1882
2023-10-03,1.589067217543302,5.1348,1.372,0.8285690612312535,149.16,17.9134,19.3624
2023-10-04,1.5780337699226763,5.1362,1.3739,0.8225713580653121,148.83,17.9505,19.3111
2023-10-05,1.574803149606299,5.1809,1.3736,0.8216251745953496,148.49,18.319,19.538
2023-10-06,1.563966218329684,5.153,1.3657,0.8159934720522236,149.08,18.16,19.2886
2023-10-09,,,,,,,
2023-10-10,1.5552099533437014,5.0668,1.3579,0.8138020833333334,148.62,17.98,19.0291
2023-10-11,1.5607928827844544,5.0501,1.3617,0.8127438231469442,149.17,17.819,18.8249
2023-10-12,1.5787811809283234,5.0472,1.3656,0.8187326019322089,149.71,17.899,18.9178
2023-10-13,1.589825119236884,5.074,1.365,0.8237910865804432,149.62,18.0525,18.9936
2023-10-16,1.5775358889414735,5.0571,1.3615,0.8198065256599443,149.57,17.9564,18.7791
2023-10-17,1.5681354869060686,5.0157,1.3622,0.8192692118630183,149.71,17.9022,18.7447
2023-10-18,1.578282828282828,5.0635,1.3696,0.8230452674897119,149.86,18.2492,19.0484
2023-10-19,1.58102766798419,5.0435,1.3716,0.8233841086867024,149.92,18.286,19.0327
2023-10-20,1.582528881152081,5.0346,1.3692,0.8228420966016621,149.85,18.2152,18.9511
2023-10-23,1.5780337699226763,5.0066,1.3676,0.8173273395995095,149.78,18.1033,18.9059
2023-10-24,1.5750511891636478,4.9998,1.3744,0.8216926869350862,149.84,18.2818,19.045
2023-10-25,1.5787811809283234,4.9987,1.3772,0.8237232289950577,149.94,18.297,19.0736
2023-10-26,1.5842839036755387,5.0051,1.383,0.825559316436886,150.44,18.1841,18.9799
2023-10-27,1.5743073047858942,4.9464,1.3866,0.8229775327133568,149.6,18.0496,18.8069
2023-10-30,1.5688735487919674,5.039,1.3829,0.8225713580653121,149.01,18.021,18.7864
2023-10-31,1.5792798483891346,5.0433,1.3878,0.8240626287597858,151.46,18.053,18.7424
2023-11-01,1.5715857300015716,5.0154,1.3879,0.824606250515379,150.96,17.946,18.6407
2023-11-02,1.5571473061351604,4.9539,1.3788,0.8213552361396304,150.48,17.5908,18.4556
2023-11-03,1.5368065160596283,4.8879,1.3671,0.8081461128171973,149.36,17.3706,18.2306
2023-11-06,1.537751806858373,4.8921,1.3662,0.8070373658300378,149.77,17.5236,18.2875
2023-11-07,1.5566625155666252,4.8677,1.3769,0.8132726089785296,150.47,17.468,18.3615
2023-11-08,1.557389814670612,4.8905,1.3798,0.8129420372327453,150.77,17.4792,18.4436
2023-11-09,1.557632398753894,4.9037,1.3766,0.8143985666585227,151.04,17.4832,18.552
2023-11-10,,,,,,,
2023-11-13,1.5656802880851728,4.909,1.3781,0.8151287903488752,151.56,17.577,18.7147
2023-11-14,1.5405946695424433,4.8658,1.3711,0.8010894816951054,150.75,17.401,18.3159
2023-11-15,1.5342129487572873,4.86,1.3665,0.8044405116241653,151.07,17.3256,18.2185
2023-11-16,1.547029702970297,4.879,1.3774,0.8049585446349513,150.59,17.3019,18.4075
2023-11-17,1.539882968894364,4.8964,1.374,0.8045052292839903,149.82,17.2099,18.3771
2023-11-20,1.5250876925423213,4.8652,1.372,0.7996801279488205,148.26,17.126,18.3465
2023-11-21,1.522533495736906,4.8933,1.369,0.7974481658692185,147.88,17.2096,18.5585
2023-11-22,1.5302218821729152,4.8885,1.3733,0.8020532563362208,149.67,17.2014,18.8446
2023-11-23,,,,,,,
2023-11-24,1.5188335358444716,4.899,1.3608,0.7935878104912308,149.57,17.1255,18.8548
2023-11-27,1.515840533575868,4.9058,1.3633,0.792832791564259,148.89,17.152,18.7252
2023-11-28,1.5001500150015001,4.8614,1.3562,0.7865963973884998,147.41,17.118,18.6077
2023-11-29,1.5110305228165608,4.8962,1.3596,0.7880220646178093,147.39,17.2022,18.66
2023-11-30,1.5119443604475356,4.9297,1.3587,0.7911392405063291,147.87,17.3758,18.8698
2023-12-01,1.5015015015015014,4.886,1.3495,0.7885191610156127,147.0,17.2032,18.6297
2023-12-04,1.510574018126888,4.9293,1.3537,0.7915776141850708,147.15,17.4136,18.8367
2023-12-05,1.5264845061822623,4.9483,1.3577,0.7942811755361399,147.26,17.4726,18.9994
2023-12-06,1.5223017202009437,4.8987,1.358,0.7943442688061007,147.16,17.2642,18.8885
2023-12-07,1.5149219815179518,4.9042,1.3594,0.7947862025115244,144.1,17.4351,18.7601
2023-12-08,1.5223017202009437,4.9324,1.3595,0.7975117632985086,144.88,17.3809,18.9776
2023-12-11,1.5236934328813043,4.9404,1.3568,0.7968127490039841,146.41,17.423,19.1039
2023-12-12,1.5241579027587258,4.9635,1.3611,0.796876245119133,145.45,17.2989,19.0167
2023-12-13,1.5190642564180465,4.9721,1.357,0.79827572443522,145.17,17.4146,19.0511
2023-12-14,1.4896469536719796,4.8976,1.3404,0.7832693663350827,141.53,17.2848,18.2946
2023-12-15,1.4892032762472078,4.9391,1.3374,0.7868439688409788,141.8,17.181,18.2575
2023-12-18,1.4932059130954158,4.9363,1.3391,0.7916402786573781,143.04,17.2043,18.6169
2023-12-19,1.4781966001478197,4.8638,1.334,0.7842522155125089,143.62,17.073,18.3354
2023-12-20,1.4784151389710232,4.8906,1.3322,0.7898894154818326,143.77,17.078,18.2537
2023-12-21,1.4727540500736376,4.8742,1.3294,0.7893905904641617,142.16,17.0534,18.3904
2023-12-22,1.4699397324709687,4.8579,1.3259,0.7861635220125786,142.6,16.983,18.4731
2023-12-25,,,,,,,
2023-12-26,1.4671361502347418,4.826,1.3208,0.7868439688409788,142.48,16.9675,18.6438
2023-12-27,1.461133839859731,4.8321,1.3201,0.7814331483941549,142.05,16.9138,18.3597
2023-12-28,1.461133839859731,4.8514,1.3202,0.784744565643883,141.08,16.909,18.504
2023-12-29,1.4645577035735209,4.8521,1.3202,0.784744565643883,140.92,16.8998,18.2622
2024-01-01,,,,,,,
2024-01-02,1.476886722788362,4.8943,1.331,0.7916402786573781,141.89,17.014,18.5446
2024-01-03,1.488095238095238,4.9239,1.3358,0.7910766553279013,143.55,17.056,18.7338
2024-01-04,1.4903129657228018,4.9143,1.3355,0.7878978884336589,144.59,17.048,18.7012
2024-01-05,1.4876524843796488,4.8744,1.3331,0.7849293563579278,144.52,16.9141,18.6733
2024-01-08,1.4883167137966957,4.8745,1.3361,0.7833307222309259,143.89,16.803,18.5699
2024-01-09,1.4943215780035863,4.8956,1.3384,0.7861635220125786,144.35,16.936,18.6455
2024-01-10,1.4943215780035863,4.8929,1.3379,0.7855459544383347,145.68,16.988,18.6675
2024-01-11,1.5030813166992334,4.8838,1.3439,0.7866582756450597,146.03,16.9867,18.6977
2024-01-12,1.4943215780035863,4.8536,1.3399,0.7845598619174643,144.86,16.851,18.6225
2024-01-15,,,,,,,
2024-01-16,1.515840533575868,4.9163,1.3472,0.790076637433831,147.01,17.1499,18.9341
2024-01-17,1.5292858235204159,4.928,1.3523,0.7895152376440866,148.39,17.265,19.0998
2024-01-18,1.5234613040828764,4.944,1.3503,0.7882084023015685,148.15,17.2035,18.9243
2024-01-19,1.51952590791673,4.928,1.3467,0.7888301648655044,148.21,17.116,19.0253
2024-01-22,1.5183723048891589,4.9815,1.3454,0.7856693903205532,147.95,17.1342,19.1866
2024-01-23,1.5229972586049345,4.9744,1.3486,0.7898270278808941,148.55,17.362,19.0653
2024-01-24,1.5149219815179518,4.919,1.3479,0.7840677434530343,147.31,17.159,18.8873
2024-01-25,1.51952590791673,4.9272,1.3489,0.7874015748031495,147.69,17.2283,18.9138
2024-01-26,1.517680983457277,4.9135,1.3456,0.7861635220125786,147.94,17.1442,18.7631
2024-01-29,1.5165301789505612,4.9422,1.3439,0.7885813421654444,147.65,17.2418,18.7955
2024-01-30,1.5163002274450341,4.9627,1.3409,0.7884569896712135,147.71,17.1794,18.8145
2024-01-31,1.5151515151515151,4.939,1.3384,0.7853608733212911,146.26,17.1762,18.6527
2024-02-01,1.5229972586049345,4.9195,1.338,0.7857311228097745,146.18,17.102,18.5839
2024-02-02,1.5360983102918586,4.97,1.3458,0.7919537499010059,148.54,17.155,18.9105
2024-02-05,1.5436863229391786,5.0018,1.3533,0.7979572294924991,148.79,17.168,19.0535
2024-02-06,1.5344483658124906,4.9539,1.3499,0.7943442688061007,148.03,17.0265,18.8599
2024-02-07,1.5330369461904032,4.9628,1.347,0.7918283316177054,148.04,17.043,18.8987
2024-02-08,1.5408320493066254,4.994,1.3463,0.7923930269413629,149.25,17.1182,18.9619
2024-02-09,1.5346838551258442,4.9678,1.3478,0.7918910357934749,149.38,17.0937,19.0385
2024-02-12,1.5295197308045272,4.9536,1.3437,0.791702953052015,149.37,17.0591,18.9289
2024-02-13,1.547987616099071,4.9536,1.3563,0.7932730445819451,150.72,17.202,19.0977
2024-02-14,1.5410695022345506,4.9653,1.355,0.7960515841426524,150.5,17.097,19.035
2024-02-15,1.5365703749231714,4.9739,1.3493,0.794912559618442,150.19,17.081,18.9724
2024-02-16,1.5311590874291838,4.9702,1.3483,0.7942811755361399,150.34,17.062,18.8709
2024-02-19,,,,,,,
2024-02-20,1.524390243902439,4.9324,1.3517,0.7908264136022144,149.87,17.0444,18.9106
2024-02-21,1.527650473571647,4.9276,1.3504,0.7921419518377694,150.29,17.058,18.9083
2024-02-22,1.5274171376202843,4.9408,1.3496,0.7905763301446755,150.62,17.133,19.1626
2024-02-23,1.5229972586049345,4.976,1.3502,0.7887679444707367,150.36,17.1034,19.255
2024-02-26,1.5292858235204159,4.989,1.3513,0.7885813421654444,150.79,17.1077,19.3233
2024-02-27,1.5274171376202843,4.9423,1.3522,0.7878358150161505,150.46,17.0716,19.1006
2024-02-28,1.539408866995074,4.952,1.357,0.7892659826361484,150.68,17.0896,19.2748
2024-02-29,1.537751806858373,4.971,1.3568,0.7916402786573781,149.9,17.058,19.1884
2024-03-01,1.531628120692296,4.9483,1.3553,0.7903888713246917,150.2,17.0055,19.1166
2024-03-04,1.5335071308081583,4.9428,1.3563,0.7873395795606645,150.44,16.9628,19.0209
2024-03-05,1.5368065160596283,4.9565,1.3579,0.7866582756450597,150.14,16.9287,18.9694
2024-03-06,1.5204500532157519,4.9351,1.3509,0.7838833581563063,149.17,16.861,18.7948
2024-03-07,1.5110305228165608,4.9319,1.3466,0.7814942169427945,148.08,16.8688,18.6885
2024-03-08,1.508978421608571,4.9766,1.3468,0.7780890133831311,147.17,16.8082,18.7333
2024-03-11,1.5133171912832928,4.9678,1.3485,0.7808229874287499,146.86,16.8134,18.6485
2024-03-12,1.5149219815179518,4.982,1.3495,0.782105427811669,147.69,16.8281,18.6594
2024-03-13,1.5098897780462026,4.9763,1.347,0.7813110399249941,147.73,16.73,18.5575
2024-03-14,1.5186028853454823,4.9812,1.3516,0.7843752451172642,148.19,16.694,18.7333
2024-03-15,1.5223017202009437,4.9948,1.353,0.7848061528802386,149.14,16.6889,18.7517
2024-03-18,1.5239256324291375,5.0194,1.354,0.7851758793969849,149.13,16.784,18.9625
2024-03-19,1.531862745098039,5.0214,1.3578,0.7865963973884998,150.73,16.842,18.9132
2024-03-20,1.5309246785058175,5.0041,1.3562,0.7865963973884998,151.66,16.7713,18.8084
2024-03-21,1.5220700152207,4.9785,1.3536,0.7892659826361484,151.59,16.739,18.8479
2024-03-22,1.5337423312883436,4.9872,1.3594,0.7934618741569468,151.35,16.7249,18.9742
2024-03-25,1.5292858235204159,4.9859,1.3579,0.7906388361796332,151.42,16.7097,18.9192
2024-03-26,1.5295197308045272,4.991,1.3568,0.7917656373713381,151.58,16.687,18.9949
2024-03-27,1.5325670498084292,4.9756,1.3586,0.791702953052015,151.35,16.537,18.88
2024-03-28,1.5325670498084292,5.0042,1.353,0.791514959632737,151.35,16.613,18.9373
2024-03-29,1.5328019619865114,5.0153,1.354,0.7913270554720265,151.22,16.5574,18.8926
2024-04-01,1.5422578655151142,5.067,1.3579,0.7971303308090874,151.72,16.656,19.0076
2024-04-02,1.5353907569476433,5.0528,1.357,0.7951653944020356,151.55,16.5727,18.7811
2024-04-03,1.5248551387618174,5.0621,1.3521,0.7914523149980214,151.67,16.549,18.6762
2024-04-04,1.5117157974300832,5.0086,1.3493,0.7893282816323309,151.66,16.5076,18.6603
2024-04-05,1.5188335358444716,5.0638,1.358,0.7915776141850708,151.59,16.4809,18.6497
2024-04-08,1.5146925174189638,5.0292,1.3583,0.7902015013828526,151.78,16.325,18.62
2024-04-09,1.5101177891875566,5.0049,1.3583,0.7888923950773115,151.73,16.3579,18.4886
2024-04-10,1.5363343063450605,5.0736,1.3688,0.7971938775510204,152.9,16.5073,18.7645
2024-04-11,1.5325670498084292,5.0763,1.3705,0.7977662544874351,153.19,16.4345,18.742
2024-04-12,1.5436863229391786,5.1374,1.3756,0.8027614995584812,153.12,16.6577,18.8716
2024-04-15,1.5458339774308238,5.1791,1.3751,0.802181934862827,154.25,16.639,18.9702
2024-04-16,1.5595757953836558,5.2679,1.3824,0.804052424218059,154.57,16.9944,19.0187
2024-04-17,1.5578750584203147,5.2401,1.3804,0.8036647110825363,154.61,16.9775,19.0558
2024-04-18,1.5535187199005747,5.2567,1.3755,0.8022462896109106,154.61,17.1169,19.1423
2024-04-19,1.5569048731122528,5.2103,1.3742,0.8066467693796886,154.55,17.2062,19.1099
2024-04-22,1.5530361857431279,5.209,1.3721,0.810307106393323,154.77,17.118,19.1449
2024-04-23,1.543448062972681,5.1919,1.3676,0.804246421103426,154.81,17.0097,19.1254
2024-04-24,1.5417823003391922,5.157,1.3721,0.804246421103426,155.11,17.101,19.2392
2024-04-25,1.5370427297878881,5.1643,1.3691,0.800384184408516,155.52,17.185,19.0343
2024-04-26,1.531862745098039,5.1143,1.3678,0.8016674683341349,157.62,17.1436,18.809
2024-04-29,1.5232292460015233,5.1169,1.3649,0.7966223213574444,156.71,17.0137,18.6291
2024-04-30,1.5408320493066254,5.1764,1.3748,0.799105002397315,157.54,17.0642,18.8085
2024-05-01,1.539408866995074,5.1936,1.376,0.800768737988469,157.65,17.0204,18.6203
2024-05-02,1.5274171376202843,5.1131,1.3696,0.7995522507395859,153.77,16.9286,18.6017
2024-05-03,1.5114873035066507,5.072,1.3683,0.7968127490039841,152.85,17.032,18.5025
2024-05-06,1.5098897780462026,5.0648,1.3655,0.7952286282306162,153.85,16.9016,18.4649
2024-05-07,1.5133171912832928,5.0656,1.3712,0.7977662544874351,154.59,16.908,18.4712
2024-05-08,1.5186028853454823,5.0645,1.3719,0.7998080460689435,155.42,16.9039,18.5724
2024-05-09,1.5137753557372087,5.1568,1.369,0.7996801279488205,155.68,16.859,18.4859
2024-05-10,1.5135462388375966,5.1545,1.3663,0.7982120051085568,155.85,16.765,18.4408
2024-05-13,1.5126304643775526,5.1605,1.3675,0.7959882193743533,156.17,16.807,18.3308
2024-05-14,1.5098897780462026,5.1348,1.365,0.7944073721004131,156.5,16.8402,18.4204
2024-05-15,1.4983518130056936,5.1298,1.3612,0.7900142202559646,155.02,16.6831,18.312
2024-05-16,1.4963339817447254,5.1277,1.3606,0.7885191610156127,155.25,16.6839,18.2025
2024-05-17,1.4956625785222855,5.1155,1.3615,0.7872156183578682,155.57,16.6162,18.1813
2024-05-20,1.4981273408239701,5.097,1.3611,0.7869058860560277,156.09,16.5621,18.1883
2024-05-21,1.5001500150015001,5.1123,1.3644,0.7867820613690009,156.08,16.5946,18.0719
2024-05-22,1.5069318866787222,5.146,1.3667,0.784990972603815,156.49,16.6206,18.243
2024-05-23,1.508523155830442,5.15,1.3696,0.7863489816780687,157.05,16.7065,18.4327
2024-05-24,1.508523155830442,5.1491,1.3665,0.7845598619174643,156.9,16.6813,18.4281
2024-05-27,,,,,,,
2024-05-28,1.5001500150015001,5.1541,1.363,0.782105427811669,156.9,16.7039,18.2764
2024-05-29,1.5108022359873092,5.203,1.3702,0.7865345288658172,157.62,16.937,18.4034
2024-05-30,1.5055706112616682,5.2034,1.3668,0.784990972603815,156.63,16.9232,18.6122
2024-05-31,1.506024096385542,5.2413,1.3646,0.7850525985241011,157.19,16.994,18.8402
2024-06-03,1.4963339817447254,5.2345,1.3626,0.7815552950371238,156.04,17.578,18.5016
2024-06-04,1.5053439710973957,5.2887,1.3684,0.7821666014861166,154.87,17.858,18.6927
2024-06-05,1.5053439710973957,5.2824,1.3705,0.7830240388379924,156.21,17.534,18.9477
2024-06-06,1.5010507355148603,5.2549,1.3684,0.782105427811669,155.98,17.5212,18.9073
2024-06-07,1.517680983457277,5.2731,1.3747,0.7857311228097745,156.58,18.2662,18.8771
2024-06-10,1.5126304643775526,5.3645,1.3755,0.7853608733212911,156.93,18.404,18.739
2024-06-11,1.5156107911488328,5.3529,1.3764,0.7858546168958743,157.32,18.435,18.6441
2024-06-12,1.4923145799134456,5.392,1.369,0.7786342754808067,155.88,18.739,18.3658
2024-06-13,1.505797319680771,5.3777,1.3746,0.7834534628643058,156.77,18.5611,18.4667
2024-06-14,1.5112588786459122,5.3559,1.3735,0.7883326763894364,157.28,18.4519,18.4008
2024-06-17,1.5153811183512653,5.4173,1.3752,0.7880841673890772,157.8,18.4897,18.2619
2024-06-18,1.503307276007216,5.4054,1.3723,0.7874635798094338,157.81,18.3918,18.0691
2024-06-19,,,,,,,
2024-06-20,1.5024038461538463,5.4471,1.3703,0.7892036934732856,158.77,18.395,18.0615
2024-06-21,1.506024096385542,5.4539,1.3698,0.7908264136022144,159.45,18.1995,17.9548
2024-06-24,1.5026296018031555,5.4025,1.3658,0.7883948281299274,159.71,18.0039,18.1403
2024-06-25,1.5055706112616682,5.4358,1.3658,0.7888301648655044,159.68,18.125,18.2047
2024-06-26,1.5039855617386073,5.5081,1.3697,0.7920792079207921,160.68,18.1658,18.2193
2024-06-27,1.5042117930204575,5.5295,1.3693,0.7903264048051845,160.7,18.318,18.4702
2024-06-28,1.4976785981728322,5.5596,1.3684,0.7911392405063291,160.88,18.261,18.2283
2024-07-01,1.5024038461538463,5.5887,1.3742,0.790513833992095,161.55,18.386,18.3154
2024-07-02,1.5017269860339388,5.6768,1.3691,0.7887057338906853,161.53,18.2249,18.6118
2024-07-03,1.4883167137966957,5.5724,1.3624,0.7833307222309259,161.48,18.1141,18.3525
2024-07-04,,,,,,,
2024-07-05,1.483019427554501,5.4802,1.3631,0.7808229874287499,160.73,18.087,18.1935
2024-07-08,1.4834594273846609,5.4587,1.3637,0.7794839816041781,160.77,17.9935,18.1194
2024-07-09,1.48434021077631,5.4316,1.3636,0.7820442637053258,161.4,17.9441,18.1403
2024-07-10,1.4821402104639099,5.403,1.3608,0.778694907335306,161.73,17.8331,18.126
2024-07-11,1.475796930342385,5.4265,1.3619,0.7739938080495355,158.58,17.8318,18.0001
2024-07-12,1.473187978786093,5.4559,1.3627,0.7700600646850454,157.88,17.653,18.0051
2024-07-15,1.475361463558572,5.4383,1.3662,0.7700600646850454,157.89,17.766,18.1849
2024-07-16,1.4867677668748143,5.4566,1.3686,0.7717240314863405,158.57,17.659,18.0947
2024-07-17,1.4863258026159336,5.4769,1.3683,0.7687576875768758,156.56,17.7487,18.2536
2024-07-18,1.4867677668748143,5.5395,1.3695,0.7708317274339013,156.97,17.8452,18.1746
2024-07-19,1.4938751120406335,5.5569,1.3723,0.773874013310633,157.38,17.9387,18.2511
2024-07-22,1.5062509414068384,5.5485,1.3756,0.7745333436604447,157.08,17.926,18.2702
2024-07-23,1.5108022359873092,5.5685,1.3763,0.774233508826262,156.02,18.0738,18.3808
2024-07-24,1.5151515151515151,5.6352,1.3783,0.7736943907156674,153.39,18.3789,18.3167
2024-07-25,1.5262515262515262,5.6254,1.3809,0.776156473144986,153.97,18.3491,18.3221
2024-07-26,1.5250876925423213,5.6551,1.3832,0.777363184079602,153.86,18.396,18.2605
2024-07-29,1.529051987767584,5.6514,1.3853,0.7780284758422158,153.96,18.6591,18.4617
2024-07-30,1.529753709652746,5.6543,1.3848,0.7795447458684129,153.72,18.7983,18.3542
2024-07-31,1.5302218821729152,5.6628,1.3806,0.778816199376947,150.38,18.5975,18.2081
2024-08-01,1.5332720024532351,5.6935,1.3845,0.7829627309740057,150.06,18.6418,18.1732
2024-08-02,1.531862745098039,5.7359,1.3846,0.781372089388967,146.98,18.9991,18.2484
2024-08-05,1.5413070283600492,5.7496,1.382,0.7833920877399139,143.95,19.445,18.5369
2024-08-06,1.5339776039269826,5.6409,1.3791,0.7877116975187081,145.11,19.3187,18.4788
2024-08-07,1.5262515262515262,5.6,1.3729,0.7862871520679352,147.42,19.1741,18.3697
2024-08-08,1.51952590791673,5.6012,1.3742,0.7848677497841614,147.08,19.113,18.3533
2024-08-09,1.5204500532157519,5.5099,1.3725,0.7833307222309259,146.49,18.8245,18.3118
2024-08-12,1.5163002274450341,5.5058,1.3741,0.7827175954915466,147.54,18.994,18.2242
2024-08-13,1.5121729925903524,5.4867,1.3723,0.7795447458684129,146.97,19.0499,18.1617
2024-08-14,1.5112588786459122,5.4577,1.3696,0.7782706825433886,146.86,18.8242,18.0694
2024-08-15,1.508523155830442,5.461,1.3701,0.7774236181295188,148.91,18.6539,17.9853
2024-08-16,1.5039855617386073,5.4751,1.3705,0.7748334108166745,148.13,18.6169,17.8842
2024-08-19,1.4892032762472078,5.4048,1.3659,0.7701786814540974,146.42,18.7425,17.7142
2024-08-20,1.483019427554501,5.4727,1.3631,0.7676364473785215,145.7,18.8923,17.8594
2024-08-21,1.4808233377758033,5.4737,1.3583,0.7647013841095052,145.19,19.191,17.8592
2024-08-22,1.4907573047107932,5.5675,1.3605,0.7637085688101422,145.97,19.437,18.0258
2024-08-23,1.4755791648221928,5.5102,1.3514,0.7577479730241721,144.86,19.094,17.73
2024-08-26,1.4766686355581806,5.498,1.3485,0.7584376185058779,144.51,19.405,17.7007
2024-08-27,1.475143826523086,5.5043,1.3454,0.7555723460521345,144.26,19.6486,17.7403
2024-08-28,1.474708745022858,5.5351,1.3462,0.7575183698204682,144.47,19.5288,17.7987
2024-08-29,1.4690759512266784,5.6355,1.346,0.7583801001061732,144.98,19.788,17.7537
2024-08-30,1.4781966001478197,5.6193,1.3493,0.7614986293024673,145.95,19.6576,17.791
2024-09-02,,,,,,,
2024-09-03,1.4878738282993602,5.649,1.3543,0.7631840036632832,145.82,19.83,17.9626
2024-09-04,1.48720999405116,5.6403,1.3519,0.7609191903819814,144.31,19.8161,17.8623
2024-09-05,1.4865467518953472,5.5924,1.3515,0.759589821496392,143.43,19.9926,17.722
2024-09-06,1.497454327643007,5.5884,1.3561,0.761266747868453,142.13,20.0399,17.8718
2024-09-09,1.5006002400960385,5.6042,1.356,0.7643506840938622,142.92,19.8845,17.87
2024-09-10,1.503307276007216,5.6483,1.3607,0.7654037504783774,142.28,20.0831,17.9421
2024-09-11,1.5037593984962405,5.6481,1.3595,0.7676364473785215,141.72,19.8377,17.9033
2024-09-12,1.4934289127837514,5.6499,1.3595,0.7644675483525724,142.24,19.6029,17.8525
2024-09-13,1.4898688915375446,5.5495,1.3581,0.76103500761035,140.66,19.2589,17.7048
2024-09-16,1.4838996883810653,5.5104,1.3599,0.7574609907589759,140.79,19.251,17.6415
2024-09-17,1.4806040864672787,5.5013,1.3598,0.7596475235490732,141.77,19.2769,17.6403
2024-09-18,1.4790711433219936,5.4825,1.3607,0.7576331540268202,141.93,19.2802,17.5604
2024-09-19,1.4669209329617134,5.4048,1.356,0.7530687551773476,142.88,19.2449,17.4771
2024-09-20,1.4692918013517484,5.4895,1.3565,0.7515971439308531,143.9,19.323,17.49
2024-09-23,1.4602803738317758,5.5353,1.3502,0.7490075649764063,143.59,19.3865,17.3138
2024-09-24,1.4549687181725592,5.466,1.347,0.7476076555023924,143.77,19.3435,17.3316
2024-09-25,1.4626298083954952,5.4809,1.3466,0.7497375918428549,144.41,19.5715,17.2318
2024-09-26,1.4488554042306576,5.4332,1.3466,0.7447125409591897,144.68,19.569,17.1564
2024-09-27,1.446968600781363,5.4318,1.3504,0.7466029565477079,142.6,19.6428,17.0992
2024-09-30,1.442169022209403,5.4509,1.3511,0.7463243525636241,143.25,19.6903,17.2618
2024-10-01,1.4518002322880372,5.4451,1.3492,0.7528986598403855,143.66,19.7043,17.3832
2024-10-02,1.4503263234227701,5.4363,1.3485,0.7535227187099691,146.05,19.3734,17.3123
2024-10-03,1.461347362268011,5.4916,1.3533,0.7625438462711607,146.82,19.4841,17.5116
2024-10-04,1.4712373105781964,5.4585,1.3578,0.7629510948348212,148.69,19.1551,17.4719
2024-10-07,1.4790711433219936,5.4859,1.3608,0.764525993883792,148.13,19.3477,17.3975
2024-10-08,1.4841199168892847,5.5297,1.3662,0.7637668983426259,148.22,19.3761,17.5579
2024-10-09,1.4869888475836432,5.5823,1.3682,0.764525993883792,149.2,19.4026,17.6388
2024-10-10,1.4852220406950838,5.5824,1.3752,0.7661074082586379,148.56,19.4816,17.5276
2024-10-11,1.4801657785671996,5.6346,1.3768,0.7651109410864576,149.12,19.4312,17.3978
2024-10-14,,,,,,,
2024-10-15,1.4905351021016544,5.6446,1.3803,0.7643506840938622,149.22,19.5715,17.6198
2024-10-16,1.5010507355148603,5.6602,1.3772,0.7692307692307692,149.71,19.8835,17.6468
2024-10-17,1.4920919128618322,5.6764,1.3791,0.7687576875768758,150.12,19.886,17.6858
2024-10-18,1.4925373134328357,5.6787,1.3804,0.7679311933650744,149.58,19.8161,17.5919
2024-10-21,1.501276084671971,5.7026,1.3847,0.7704160246533127,150.47,20.0494,17.6513
2024-10-22,1.4972301242701003,5.6914,1.383,0.7710694733595498,151.11,19.8992,17.5267
2024-10-23,1.5078407720144753,5.7045,1.3838,0.7725587144622992,152.81,19.9284,17.8501
2024-10-24,1.508523155830442,5.7068,1.3858,0.771366862079605,151.87,19.852,17.6862
2024-10-25,1.5103458692040477,5.7018,1.3882,0.7705347511172753,152.08,19.9126,17.6625
2024-10-28,1.518141794443601,5.7063,1.3903,0.77035667514059,153.21,20.0444,17.7092
2024-10-29,1.5250876925423213,5.7248,1.3909,0.7689350249903883,153.47,20.0,17.6824
2024-10-30,1.5188335358444716,5.778,1.3911,0.7685213648939441,153.15,20.172,17.6784
2024-10-31,1.5267175572519083,5.7887,1.3939,0.7778469197261978,152.35,20.0314,17.675
2024-11-01,1.5192950470981463,5.8292,1.3925,0.7716644802839725,152.94,20.0273,17.5778
2024-11-04,1.5188335358444716,5.7707,1.3898,0.7726781023025807,152.02,20.088,17.5526
2024-11-05,1.5076134479119554,5.772,1.385,0.768344218209758,151.96,20.2417,17.4283
2024-11-06,1.5213753232922562,5.7043,1.3929,0.7753741180119407,154.58,20.25,17.6243
2024-11-07,1.49902563333833,5.7028,1.3866,0.7701193685021178,153.13,19.8839,17.3211
2024-11-08,1.5213753232922562,5.7813,1.3921,0.7748934521503293,152.58,20.223,17.5749
2024-11-11,,,,,,,
2024-11-12,1.5332720024532351,5.7779,1.3956,0.7853608733212911,154.73,20.5914,18.1704
2024-11-13,1.5417823003391922,5.8127,1.3985,0.7868439688409788,155.28,20.5908,18.2508
2024-11-14,1.544878727019929,5.7771,1.4025,0.7870297497245397,155.96,20.5104,18.2145
2024-11-15,1.547748026621266,5.7947,1.4076,0.7918283316177054,154.59,20.3376,18.2405
2024-11-18,1.538935056940597,5.7453,1.4028,0.7896399241945673,154.78,20.265,17.9721
2024-11-19,1.5328019619865114,5.7645,1.3981,0.7894529091339701,154.34,20.1465,18.0528
2024-11-20,1.539882968894364,5.7726,1.3995,0.7912018355882585,155.38,20.3099,18.0953
2024-11-21,1.537751806858373,5.8279,1.396,0.794533608771651,154.66,20.4431,18.1114
2024-11-22,1.539645881447267,5.804,1.3985,0.7989773090444231,154.73,20.4845,18.106
2024-11-25,1.5405946695424433,5.8115,1.4003,0.7965588657001752,154.29,20.332,18.09
2024-11-26,1.547748026621266,5.8089,1.4058,0.7970032677133977,153.49,20.736,18.1857
2024-11-27,1.5403573629081948,5.8721,1.4028,0.7887679444707367,150.69,20.6488,18.211
2024-11-28,,,,,,,
2024-11-29,1.5353907569476433,5.9956,1.4014,0.7874635798094338,150.41,20.3142,18.0405
2024-12-02,1.5482272797646695,6.0741,1.4069,0.7912018355882585,149.26,20.4351,18.2043
2024-12-03,1.5424957581366652,6.065,1.4065,0.7888301648655044,149.12,20.323,18.0848
2024-12-04,1.5537600994406464,6.033,1.4069,0.7866582756450597,150.18,20.2576,18.0795
2024-12-05,1.5530361857431279,5.9745,1.4035,0.7840677434530343,150.19,20.192,18.0432
2024-12-06,1.5669069257286117,6.0739,1.4144,0.7846829880728186,149.78,20.2363,18.0064
2024-12-09,1.547508511296812,6.0648,1.412,0.7822889775483064,151.24,20.187,17.7605
2024-12-10,1.5681354869060686,6.0549,1.416,0.7838219156607619,152.05,20.24,17.8417
2024-12-11,1.5678896205707118,6.009,1.4126,0.7835148476063621,152.34,20.1342,17.7029
2024-12-12,1.5654351909830932,6.0097,1.4179,0.7864726700747149,152.07,20.144,17.7552
2024-12-13,1.5725743041358704,6.0645,1.424,0.7918283316177054,153.74,20.1391,17.8699
2024-12-16,1.569365976145637,6.0579,1.423,0.7880220646178093,154.18,20.1412,17.8355
2024-12-17,1.5775358889414735,6.1122,1.4312,0.7862871520679352,153.41,20.265,18.1224
2024-12-18,1.586797841954935,6.1906,1.4335,0.7876496534341525,154.0,20.1588,18.0932
2024-12-19,1.599488163787588,6.1414,1.4366,0.7980845969672786,157.73,20.4137,18.423
2024-12-20,1.5959144589849983,6.0815,1.4354,0.7944704854214666,156.11,20.0664,18.3194
2024-12-23,1.6017940092904053,6.1784,1.439,0.7981482959533882,157.04,20.201,18.5472
2024-12-24,1.6051364365971108,6.1906,1.4383,0.7982120051085568,157.29,20.161,18.6712
2024-12-25,,,,,,,
2024-12-26,1.6059097478721696,6.157,1.4404,0.7985944737262418,158.01,20.175,18.8764
2024-12-27,1.6108247422680413,6.2021,1.4433,0.7953551260637874,157.73,20.222,18.6502
2024-12-30,1.6079755587715066,6.2013,1.4374,0.7985307035055498,157.26,20.546,18.8154
2024-12-31,1.6168148746968471,6.184,1.44,0.7986582541330565,157.37,20.8557,18.8792
2025-01-01,,,,,,,
2025-01-02,1.6108247422680413,6.1556,1.4422,0.8080155138978669,157.65,20.625,18.7025
2025-01-03,1.6105653084232565,6.1759,1.4455,0.8052178114179885,157.2,20.649,18.7892
2025-01-06,1.5997440409534476,6.1086,1.4359,0.7980845969672786,157.54,20.2771,18.5663
2025-01-07,1.6012810248198557,6.0641,1.4341,0.8000640051204096,157.82,20.3255,18.685
2025-01-08,1.608492842206852,6.128,1.4375,0.8086689309396734,158.31,20.372,18.8691
2025-01-09,1.6139444803098772,6.0691,1.4394,0.8128098837681866,158.01,20.5041,18.9276
2025-01-10,1.6268098259313486,6.1123,1.4437,0.8186655751125665,157.68,20.7124,19.115
2025-01-13,1.6246953696181965,6.1089,1.4411,0.8225037012666557,157.51,20.7901,19.0666
2025-01-14,1.6170763260025875,6.0506,1.4369,0.8204791598293403,157.95,20.5144,18.9298
2025-01-15,1.608234158893535,6.0466,1.434,0.8187326019322089,156.6,20.47,18.7891
2025-01-16,1.6074586079408455,6.0448,1.4377,0.8165931732810714,155.44,20.7958,18.8121
2025-01-17,1.6103059581320451,6.0368,1.442,0.820950660865282,156.3,20.701,18.7297
2025-01-20,,,,,,,
2025-01-21,1.594387755102041,6.0275,1.4328,0.8109642364771713,155.49,20.5571,18.5033
2025-01-22,1.5933715742511152,5.9234,1.4361,0.8114248620577735,156.62,20.4838,18.4884
2025-01-23,1.5905837442341337,5.906,1.4359,0.8099133392726979,156.0,20.3605,18.4882
2025-01-24,1.5817779183802594,5.8811,1.4331,0.8002560819462228,155.58,20.2317,18.3869
2025-01-27,1.5923566878980893,5.9156,1.4388,0.801346261719689,154.22,20.7208,18.7281
2025-01-28,1.600768368817032,5.8596,1.4392,0.804311107536395,155.65,20.5534,18.7017
2025-01-29,1.6056518946692357,5.881,1.4432,0.8041817450743868,155.22,20.5702,18.5868
2025-01-30,1.604363869725654,5.896,1.4411,0.8030193527664016,154.42,20.4287,18.4681
2025-01-31,1.6020506247997437,5.837,1.4459,0.8034064433196755,154.91,20.629,18.6424
2025-02-03,1.618908855431439,5.8322,1.4601,0.8071676487206394,154.68,20.531,18.8044
2025-02-04,1.59821000479463,5.7598,1.4318,0.8008328661808282,154.56,20.4413,18.6729
2025-02-05,1.5883100381194408,5.7986,1.428,0.7989773090444231,152.33,20.5827,18.5275
2025-02-06,1.5926102882624622,5.7735,1.4314,0.8041817450743868,152.04,20.5022,18.4817
2025-02-07,1.5964240102171137,5.7849,1.4311,0.8067118425298483,151.3,20.5889,18.4199
2025-02-10,1.5926102882624622,5.7754,1.4317,0.8074283407347599,151.72,20.678,18.4596
2025-02-11,1.5888147442008262,5.7621,1.4308,0.8049585446349513,152.37,20.5498,18.4715
2025-02-12,1.591089896579157,5.76,1.4288,0.8036001285760206,154.62,20.4826,18.5101
2025-02-13,1.589319771137953,5.7623,1.423,0.7982120051085568,153.18,20.5031,18.5481
2025-02-14,1.5725743041358704,5.7152,1.417,0.7930843048616069,152.25,20.3097,18.3533
2025-02-17,,,,,,,
2025-02-18,1.5740594994490793,5.688,1.4189,0.7927699381639448,151.79,20.249,18.3923
2025-02-19,1.5770383220312254,5.7143,1.4235,0.7954816641476413,151.67,20.4428,18.5782
2025-02-20,1.564210855623338,5.697,1.4195,0.7909515146721506,149.63,20.3652,18.3474
2025-02-21,1.5683814303638646,5.6976,1.4196,0.7907013520993121,149.49,20.3521,18.3168
2025-02-24,1.5720798616569722,5.7325,1.4224,0.7911392405063291,149.57,20.4401,18.3472
2025-02-25,1.5792798483891346,5.7677,1.43,0.7903888713246917,149.09,20.5295,18.4225
2025-02-26,1.5815277558121146,5.78,1.4346,0.7876496534341525,149.13,20.4272,18.3772
2025-02-27,1.59846547314578,5.8282,1.4419,0.7918910357934749,149.8,20.4818,18.4586
2025-02-28,1.6100466913540492,5.8835,1.4433,0.7942180922881422,150.64,20.5254,18.6012
2025-03-03,1.6002560409665547,5.8852,1.4399,0.7867201636377941,150.16,20.4555,18.5825
2025-03-04,1.6097875080489377,5.8872,1.4515,0.7857928650007858,148.81,20.827,18.5699
2025-03-05,1.5842839036755387,5.8077,1.4375,0.777363184079602,148.82,20.386,18.3507
2025-03-06,1.575299306868305,5.7785,1.4282,0.7755545214828602,147.9,20.3132,18.1382
2025-03-07,1.5873015873015872,5.7872,1.4385,0.7741136398823347,147.13,20.266,18.2291
2025-03-10,1.5852885225110969,5.7964,1.4431,0.7746533426291735,147.15,20.286,18.2912
2025-03-11,1.591089896579157,5.8247,1.4462,0.7723200494284832,147.48,20.349,18.1873
2025-03-12,1.5857913098636218,5.8208,1.4397,0.7710100231303008,148.32,20.1678,18.338
2025-03-13,1.590077913817777,5.8032,1.4398,0.772499034376207,147.71,20.0913,18.3092
2025-03-14,1.5827793605571383,5.7299,1.4377,0.7741735697143299,148.51,19.8545,18.1609
2025-03-17,1.5686274509803924,5.6874,1.4298,0.769941484447182,148.56,19.8918,18.078
2025-03-18,1.5733165512901195,5.6714,1.4312,0.77000077000077,149.49,19.9858,18.1039
2025-03-19,1.57952930026852,5.6494,1.4328,0.7710694733595498,150.02,20.057,18.1544
2025-03-20,1.5870496746548166,5.673,1.4326,0.7708317274339013,148.84,20.1342,18.1343
2025-03-21,1.5959144589849983,5.7242,1.4356,0.7754342431761786,148.98,20.194,18.2273
2025-03-24,1.5921031682853048,5.7295,1.4292,0.7744133818632387,150.74,20.096,18.1672
2025-03-25,1.5850372483753368,5.6837,1.4307,0.7723200494284832,149.77,20.0713,18.2244
2025-03-26,1.5855398763278896,5.7386,1.4254,0.7758553805570642,150.69,20.11,18.2614
2025-03-27,1.5852885225110969,5.7339,1.4316,0.7714263673532361,150.97,20.2783,18.2434
2025-03-28,1.5873015873015872,5.7672,1.4282,0.7726781023025807,150.26,20.4198,18.4005
2025-03-31,1.6035920461834507,5.7405,1.4379,0.7754342431761786,149.9,20.4582,18.3845
2025-04-01,1.5928639694170117,5.6874,1.4316,0.773814129846011,149.4,20.329,18.3846
2025-04-02,1.5873015873015872,5.7004,1.431,0.7707723138584861,149.98,20.5,18.7572
2025-04-03,1.5743073047858942,5.6022,1.4062,0.7626019980172348,146.04,19.9508,18.735
2025-04-04,1.6548072149594573,5.8039,1.4194,0.7735746886361878,145.93,20.491,19.0676
2025-04-07,1.6722408026755853,5.9242,1.4224,0.7856076675308351,147.96,20.714,19.5774
2025-04-08,1.6625103906899417,5.9878,1.4199,0.783146683373796,147.02,20.7089,19.5862
2025-04-09,1.665833749791771,6.0542,1.4187,0.7830240388379924,145.09,20.9441,19.8177
2025-04-10,1.6149870801033592,5.9429,1.401,0.7727975270479134,144.34,20.5029,19.5173
2025-04-11,1.6012810248198557,5.8781,1.3895,0.7662248103593595,143.57,20.37,19.1672
2025-04-14,1.5842839036755387,5.8649,1.3892,0.7589556769884638,142.96,20.1255,18.8924
2025-04-15,1.572821642025794,5.8809,1.3944,0.7562580352416244,143.1,19.9704,18.9895
2025-04-16,1.5651901706057285,5.861,1.3882,0.7548878991469766,142.56,19.9648,18.7977
2025-04-17,1.5669069257286117,5.8308,1.3856,0.7542046911531789,142.33,19.8079,18.7973
2025-04-18,1.5686274509803924,5.8067,1.3846,0.7530687551773476,142.22,19.7175,18.8387
2025-04-21,1.5595757953836558,5.8067,1.3818,0.7471049682480388,140.81,19.6628,18.7294
2025-04-22,1.5647003598810827,5.7392,1.3798,0.7476076555023924,140.87,19.584,18.5732
2025-04-23,1.5683814303638646,5.6969,1.3894,0.7543753771876887,142.64,19.6327,18.6327
2025-04-24,1.5634771732332708,5.6709,1.3889,0.751371252535878,142.64,19.5896,18.8015
2025-04-25,1.5634771732332708,5.681,1.3858,0.7501312729727703,143.75,19.5585,18.7159
2025-04-28,1.559332605644784,5.6777,1.3857,0.7465472191116088,142.7,19.5507,18.5482
2025-04-29,1.5661707126076743,5.633,1.3853,0.7464357692020602,142.29,19.5851,18.5639
2025-04-30,1.562744178777934,5.6612,1.3807,0.749400479616307,142.63,19.5914,18.5814
2025-05-01,1.5691197238349286,5.6729,1.3847,0.7534091765237702,145.48,19.636,18.6396
2025-05-02,1.5511090429657204,5.6485,1.379,0.7528419784687194,144.52,19.6685,18.4324
2025-05-05,1.5451174289245984,5.6663,1.381,0.7527853056308341,143.98,19.6316,18.2733
2025-05-06,1.5410695022345506,5.7206,1.3774,0.7479991024010771,142.76,19.687,18.1638
2025-05-07,1.547508511296812,5.7438,1.3773,0.749400479616307,143.47,19.5831,18.216
2025-05-08,1.5586034912718205,5.6798,1.3914,0.7526153383005946,145.46,19.585,18.1881
2025-05-09,1.556420233463035,5.6435,1.3925,0.7508634930169694,145.15,19.4834,18.2278
2025-05-12,1.5701051970482023,5.6843,1.4003,0.757920266787934,148.09,19.613,18.3017
2025-05-13,1.5451174289245984,5.6023,1.3958,0.753012048192771,147.75,19.4181,18.3135
2025-05-14,1.5508684863523572,5.6131,1.3963,0.7517101405697962,146.54,19.3501,18.2427
2025-05-15,1.561767921286897,5.637,1.3989,0.7523322299127295,145.61,19.486,18.031
2025-05-16,1.563721657544957,5.6775,1.3991,0.75431847325941,146.02,19.525,18.0935
2025-05-19,1.548467017652524,5.6424,1.3944,0.748671108781912,144.99,19.3707,18.0641
2025-05-20,1.5612802498048401,5.6687,1.3941,0.747887218607434,144.72,19.267,17.9317
2025-05-21,1.546072974644403,5.6591,1.3822,0.7436602959767978,143.68,19.319,17.8989
2025-05-22,1.5583606046439145,5.6205,1.3856,0.7448234768359898,143.89,19.3232,17.9822
2025-05-23,1.5436863229391786,5.6887,1.3755,0.7401376656058027,142.61,19.2798,17.8504
2025-05-26,,,,,,,
2025-05-27,1.5535187199005747,5.6518,1.3776,0.7404664938911514,144.37,19.2309,17.9181
2025-05-28,1.5583606046439145,5.7053,1.3819,0.7428316743425939,145.04,19.417,17.9618
2025-05-29,1.552072016141549,5.6505,1.3809,0.7413447994662318,144.09,19.339,17.8028
2025-05-30,1.554243083618278,5.7184,1.3747,0.7425007425007425,144.18,19.3901,18.0319
2025-06-02,1.5401201293700908,5.7061,1.3699,0.738061849582995,142.76,19.245,17.8711
2025-06-03,1.547508511296812,5.6444,1.3722,0.7396449704142012,143.93,19.2572,17.89
2025-06-04,1.5386982612709648,5.6396,1.3668,0.7369196757553427,142.91,19.2042,17.8027
2025-06-05,1.5344483658124906,5.5911,1.3667,0.7361601884570083,143.87,19.1774,17.7622
2025-06-06,1.539408866995074,5.598,1.3686,0.7389890629618682,144.87,19.1226,17.7716
2025-06-09,1.5323322096230463,5.5755,1.3675,0.737300007373,144.37,19.0515,17.7056
2025-06-10,1.5330369461904032,5.5646,1.3683,0.7403020432336394,144.91,19.0519,17.7102
2025-06-11,1.5335071308081583,5.5288,1.3662,0.737680731779286,144.48,18.8436,17.6945
2025-06-12,1.5325670498084292,5.5456,1.3615,0.7358893222459342,143.64,18.8879,17.7854
2025-06-13,1.5353907569476433,5.545,1.3575,0.7356186552890982,144.04,18.9085,17.9063
2025-06-16,1.5299877600979193,5.5165,1.3556,0.7352941176470588,144.14,18.9266,17.7842
2025-06-17,1.5349194167306217,5.4772,1.3587,0.7398638650488311,145.04,18.9581,17.9299
2025-06-18,1.5337423312883436,5.4921,1.3683,0.7423353871279044,144.58,19.0068,17.9332
2025-06-19,,,,,,,
2025-06-20,1.549186676994578,5.5035,1.3739,0.7426661715558857,145.92,19.1369,17.9858
2025-06-23,1.5569048731122528,5.5163,1.3773,0.7412348973389667,146.47,19.16,17.9993
2025-06-24,1.5386982612709648,5.4985,1.3711,0.7344300822561692,144.9,19.021,17.7756
2025-06-25,1.5401201293700908,5.5589,1.375,0.7338910905621605,145.59,18.9159,17.7682
2025-06-26,1.5255530129672006,5.5043,1.3629,0.7270612185546024,144.34,18.8741,17.7907
2025-06-27,1.5302218821729152,5.4801,1.3666,0.7288629737609329,144.74,18.8283,17.8113
2025-06-30,1.5213753232922562,5.4294,1.362,0.7287567409998542,144.17,18.8292,17.7172
2025-07-01,1.5216068167985393,5.4589,1.3659,0.7284382284382285,143.58,18.7381,17.6221
2025-07-02,1.5218383807639628,5.4286,1.362,0.7340527049842178,143.76,18.7503,17.5916
2025-07-03,1.5206812652068127,5.4178,1.3559,0.7322788517867604,144.96,18.644,17.4911
2025-07-04,,,,,,,
2025-07-07,1.5353907569476433,5.4638,1.3644,0.7332453438920663,145.86,18.6647,17.735
2025-07-08,1.5328019619865114,5.46,1.3671,0.7366482504604052,146.81,18.7084,17.8229
2025-07-09,1.5309246785058175,5.4552,1.3694,0.736105999263894,146.53,18.561,17.7926
2025-07-10,1.5216068167985393,5.5355,1.3682,0.7369739848183359,146.46,18.6313,17.7196
2025-07-11,1.5204500532157519,5.5723,1.3678,0.7405761682589054,147.29,18.6727,17.9208
2025-07-14,1.5267175572519083,5.5748,1.3694,0.744213738185607,147.69,18.7585,17.9118
2025-07-15,1.5337423312883436,5.5661,1.3713,0.7464914899970141,148.75,18.7928,17.8933
2025-07-16,1.5332720024532351,5.565,1.3706,0.7448234768359898,148.08,18.7302,17.8509
2025-07-17,1.5420200462606015,5.5644,1.3749,0.7455453664355476,148.55,18.7629,17.8056
2025-07-18,1.532097441397273,5.5628,1.3711,0.7441029838529652,148.55,18.7037,17.6758
2025-07-21,1.5311590874291838,5.5512,1.3689,0.7408504963698325,147.27,18.6335,17.68
2025-07-22,1.525320317266626,5.5543,1.3615,0.7395355716609968,146.36,18.5963,17.5531
2025-07-23,1.5174506828528072,5.5456,1.3609,0.7371369600471768,146.55,18.5784,17.5416
2025-07-24,1.5149219815179518,5.5209,1.3643,0.7394262052647146,146.92,18.5589,17.6247
2025-07-25,1.525320317266626,5.5669,1.3714,0.7446570854121677,147.77,18.5676,17.8091
2025-07-28,1.5339776039269826,5.5936,1.3718,0.7466587023071755,148.45,18.7314,17.8854
2025-07-29,1.5363343063450605,5.5687,1.3777,0.7496813854112002,148.57,18.7694,17.8835
2025-07-30,1.5499070055796653,5.6193,1.3814,0.7533524182612626,149.07,18.7987,17.9588
2025-07-31,1.5552099533437014,5.5848,1.3845,0.75642965204236,150.6,18.797,18.1741
2025-08-01,1.546072974644403,5.5422,1.3778,0.7542046911531789,148.06,18.877,18.0357
2025-08-04,1.5463120457708364,5.5151,1.3775,0.7524454477050414,147.09,18.8514,17.9311
2025-08-05,1.5451174289245984,5.5062,1.3779,0.751371252535878,147.49,18.7715,17.8946
2025-08-06,1.5375153751537516,5.4757,1.3739,0.748502994011976,147.25,18.64,17.7573
2025-08-07,1.5379883112888342,5.4548,1.3749,0.7443799315170463,147.35,18.6879,17.789
2025-08-08,1.531862745098039,5.4208,1.3752,0.7438262421898244,147.7,18.5421,17.7084
2025-08-11,1.5356265356265357,5.4414,1.3783,0.7454897867899211,147.99,18.6474,17.7358
2025-08-12,1.5309246785058175,5.3915,1.3762,0.7402472425790214,147.8,18.5583,17.569
2025-08-13,1.527650473571647,5.4049,1.3764,0.7368110816386678,147.25,18.6538,17.5122
2025-08-14,1.5408320493066254,5.4137,1.3806,0.7389890629618682,147.69,18.816,17.6253
2025-08-15,1.5349194167306217,5.3964,1.3808,0.7371913011426465,147.0,18.733,17.5905
2025-08-18,1.539882968894364,5.4206,1.3815,0.7395902669920863,147.76,18.7821,17.6567
2025-08-19,1.5482272797646695,5.4764,1.3859,0.7409602845287493,147.72,18.809,17.662
2025-08-20,1.5556938394523956,5.4742,1.3874,0.7434944237918216,147.19,18.7834,17.6918
2025-08-21,1.557389814670612,5.4868,1.39,0.7453230975627936,148.35,18.7849,17.7462
2025-08-22,1.5420200462606015,5.4196,1.3845,0.7392075694855116,146.82,18.5921,17.4469
2025-08-25,1.5384615384615383,5.4086,1.3829,0.7412348973389667,147.61,18.6316,17.5833
2025-08-26,1.5384615384615383,5.4335,1.3823,0.7415647015202076,147.3,18.6658,17.6123
2025-08-27,1.539408866995074,5.4332,1.3825,0.7425007425007425,147.75,18.7039,17.7122
2025-08-28,1.5309246785058175,5.4093,1.375,0.7398638650488311,146.98,18.6638,17.6977
2025-08-29,1.5278838808250574,5.4299,1.3726,0.7401376656058027,146.9,18.6381,17.6519
2025-09-01,,,,,,,
2025-09-02,1.5346838551258442,5.4633,1.3784,0.7467144563918757,148.23,18.7163,17.6973
2025-09-03,1.5267175572519083,5.4571,1.3787,0.74360499702558,147.97,18.6732,17.6535
2025-09-04,1.5351550506601168,5.4641,1.3828,0.7439922624804701,148.63,18.7419,17.7615
2025-09-05,1.5220700152207,5.3983,1.3823,0.7383888355608063,146.84,18.677,17.5486
2025-09-08,1.5169902912621358,5.4275,1.382,0.7380073800738007,147.58,18.6301,17.49
2025-09-09,1.5167602002123464,5.428,1.3834,0.7389344565137073,147.23,18.633,17.5247
2025-09-10,1.5092061575611229,5.4089,1.3843,0.7381163271331562,147.37,18.598,17.4681
2025-09-11,1.5019525382997898,5.3828,1.383,0.7370283018867925,147.17,18.5196,17.3906
2025-09-12,1.5069318866787222,5.3541,1.3858,0.7381708127260648,147.85,18.4821,17.3878
2025-09-15,1.49902563333833,5.3088,1.3797,0.7348078477478139,147.27,18.3353,17.3758
2025-09-16,1.497454327643007,5.3006,1.3745,0.7323861139592793,146.56,18.2726,17.3416
2025-09-17,1.4997000599880026,5.3069,1.3761,0.7320108337603396,146.36,18.335,17.3504
2025-09-18,1.5121729925903524,5.302,1.3796,0.7378984651711925,148.02,18.371,17.3425
2025-09-19,1.515840533575868,5.3257,1.3772,0.7416196974191634,147.83,18.3749,17.3498
2025-09-22,1.5172204521316948,5.3505,1.3814,0.7404664938911514,147.83,18.4322,17.3495
2025-09-23,1.5149219815179518,5.289,1.3834,0.7397544015386892,147.83,18.3067,17.2387
2025-09-24,1.518141794443601,5.318,1.3894,0.7434944237918216,148.71,18.4453,17.3403
2025-09-25,1.5267175572519083,5.3435,1.3923,0.7490075649764063,149.78,18.441,17.4359
2025-09-26,1.527650473571647,5.3413,1.3946,0.7460459564309161,149.52,18.3835,17.358
2025-09-29,1.5202189115232592,5.3254,1.3904,0.7444353457902182,148.57,18.3441,17.2564
2025-09-30,1.5119443604475356,5.3269,1.3927,0.7438815740534107,147.97,18.3442,17.2681
2025-10-01,1.514004542013626,5.3343,1.3953,0.742170105388155,147.16,18.3588,17.2111
2025-10-02,1.5179113539769276,5.3658,1.3974,0.7449899426357743,147.35,18.4829,17.3221
2025-10-03,1.5117157974300832,5.3492,1.3946,0.7417847340701728,147.33,18.383,17.2085
2025-10-06,1.510574018126888,5.315,1.3945,0.7420599584446423,150.02,18.3456,17.1995
2025-10-07,1.518141794443601,5.342,1.3949,0.7439922624804701,151.17,18.3814,17.2092
2025-10-08,1.5192950470981463,5.345,1.3953,0.7468259895444361,152.72,18.355,17.1511
2025-10-09,1.525320317266626,5.3639,1.4009,0.7512019230769231,153.05,18.38,17.1619
2025-10-10,1.539645881447267,5.4845,1.3997,0.7494566439331485,151.94,18.5195,17.4215
2025-10-13,,,,,,,
2025-10-14,1.5403573629081948,5.4795,1.4041,0.7506943923128894,151.77,18.4904,17.3797
2025-10-15,1.5351550506601168,5.4426,1.4033,0.7464914899970141,151.21,18.4793,17.3305
2025-10-16,1.5403573629081948,5.4348,1.4045,0.74487895716946,150.75,18.4029,17.308
2025-10-17,1.5417823003391922,5.4178,1.4046,0.74487895716946,150.33,18.4297,17.3847
2025-10-20,1.5344483658124906,5.3708,1.4029,0.7451564828614009,150.59,18.3874,17.2367
2025-10-21,1.5386982612709648,5.3722,1.401,0.7467702188036741,151.72,18.423,17.372
2025-10-22,1.5379883112888342,5.3919,1.3978,0.7478312892611427,151.79,18.4179,17.3967
2025-10-23,1.5346838551258442,5.3837,1.3991,0.750581700818134,152.72,18.3981,17.315
2025-10-24,1.5358623867301489,5.3822,1.4013,0.7519927808693037,152.82,18.393,17.2573
2025-10-27,1.5257857796765335,5.3763,1.3995,0.7501312729727703,153.09,18.392,17.2429
2025-10-28,1.5186028853454823,5.3629,1.3937,0.753012048192771,152.14,18.4133,17.1506
2025-10-29,1.5121729925903524,5.3452,1.3893,0.7551159102922298,151.91,18.4194,17.1073
2025-10-30,1.5255530129672006,5.384,1.3982,0.7606298014756219,154.17,18.543,17.2901
2025-10-31,1.527650473571647,5.3858,1.401,0.7609770945894528,154.05,18.5465,17.3312
2025-11-03,1.529753709652746,5.3608,1.4049,0.7604562737642586,154.13,18.4832,17.296
2025-11-04,1.5379883112888342,5.384,1.4081,0.7666360012266176,153.55,18.6114,17.474
2025-11-05,1.5356265356265357,5.3578,1.4108,0.7662248103593595,154.11,18.5993,17.404
2025-11-06,1.546072974644403,5.358,1.4127,0.7629510948348212,152.97,18.6203,17.3948
2025-11-07,1.5441630636195183,5.3432,1.4075,0.759589821496392,153.06,18.4738,17.3106
2025-11-10,1.5332720024532351,5.3184,1.4029,0.7600516835144789,153.99,18.3908,17.1616
2025-11-11,,,,,,,
2025-11-12,1.5288182235132242,5.2955,1.4,0.7615566217348261,154.64,18.3031,17.0961
2025-11-13,1.5260186174271326,5.2858,1.401,0.7567731194187983,154.4,18.2706,17.0096
2025-11-14,1.5269506794930523,5.2865,1.4023,0.7601094557616296,154.64,18.3299,17.1235
2025-11-17,1.5346838551258442,5.3066,1.4028,0.758782912208817,155.2,18.3446,17.0992
2025-11-18,1.5372790161414298,5.3203,1.3996,0.7603406326034063,155.44,18.357,17.1738
2025-11-19,1.546072974644403,5.3366,1.4049,0.7647013841095052,156.63,18.3368,17.2106
2025-11-20,1.5508684863523572,5.3297,1.4092,0.7645844483523204,157.41,18.392,17.2353
2025-11-21,1.5487068297971194,5.389,1.4094,0.7633587786259541,156.58,18.454,17.3699
2025-11-24,1.5489467162329618,5.395,1.411,0.7635919364691508,156.94,18.5131,17.3182
2025-11-25,1.549666821633349,5.39,1.4115,0.7590708972218005,156.3,18.4311,17.2412
2025-11-26,1.5346838551258442,5.3496,1.4051,0.7559721802237678,156.38,18.3444,17.0926
2025-11-27,,,,,,,
2025-11-28,1.5262515262515262,5.3399,1.3974,0.7553440592189742,156.17,18.2915,17.1229
2025-12-01,1.5257857796765335,5.3543,1.3982,0.7559150351500492,155.28,18.2811,17.0764
2025-12-02,1.525320317266626,5.3424,1.3988,0.7583801001061732,155.92,18.305,17.1427
2025-12-03,1.5169902912621358,5.3115,1.395,0.7499625018749063,155.17,18.28,17.047
2025-12-04,1.5108022359873092,5.3018,1.3939,0.7487832272557096,154.9,18.2285,16.9866
2025-12-05,1.5071590052750565,5.4108,1.3858,0.7505253677574302,155.3,18.1887,16.964
2025-12-08,1.5101177891875566,5.4431,1.3846,0.7506943923128894,155.89,18.2319,17.0396
2025-12-09,1.5030813166992334,5.4359,1.3832,0.7507507507507507,156.85,18.1778,17.0537
2025-12-10,1.5055706112616682,5.4728,1.3834,0.7496251874062968,156.33,18.2198,16.9856
2025-12-11,1.49902563333833,5.4037,1.3769,0.7447125409591897,155.15,18.0301,16.8415
2025-12-12,1.506024096385542,5.4072,1.3783,0.7490075649764063,155.81,18.0386,16.8635
2025-12-15,1.5053439710973957,5.4063,1.3765,0.7473841554559043,155.29,17.9755,16.7817
2025-12-16,1.5067048365225253,5.4603,1.3749,0.7446570854121677,154.8,17.9417,16.733
2025-12-17,1.5133171912832928,5.5234,1.3791,0.7468259895444361,155.6,18.0319,16.7375
2025-12-18,1.5108022359873092,5.5162,1.3762,0.7468817686160281,155.53,17.97,16.7311
2025-12-19,1.5112588786459122,5.5107,1.378,0.7474400179385604,157.43,17.9977,16.7492
2025-12-22,1.502178158329578,5.5747,1.3744,0.7431076763022962,156.93,17.99,16.7171
2025-12-23,1.4938751120406335,5.5384,1.3713,0.7415647015202076,156.33,17.924,16.6973
2025-12-24,1.4909795735798421,5.52,1.3671,0.7404664938911514,155.83,17.9209,16.6621
2025-12-25,,,,,,,
2025-12-26,1.4903129657228018,5.5384,1.3662,0.7411799584939224,156.63,17.9088,16.6799
2025-12-29,1.4947683109118086,5.5789,1.368,0.7409053863821591,156.1,17.962,16.696
2025-12-30,1.4918693122482471,5.4978,1.3678,0.7418397626112759,156.26,17.9474,16.5832
2025-12-31,1.4994751836857099,5.477,1.3712,0.7436602959767978,156.8,18.0057,16.5496
2026-01-01,,,,,,,
2026-01-02,1.4961101137043686,5.4224,1.3738,0.7417847340701728,156.72,17.8763,16.4833
2026-01-05,1.4885382554331648,5.409,1.3757,0.7392622163081245,156.32,17.88,16.3556
2026-01-06,1.4854426619132501,5.3702,1.3789,0.7409053863821591,156.7,17.9599,16.3755
2026-01-07,1.4863258026159336,5.3898,1.3828,0.742170105388155,156.73,17.9532,16.4533
2026-01-08,1.4938751120406335,5.3849,1.3864,0.7446016381236039,156.9,17.9863,16.518
2026-01-09,1.4961101137043686,5.3543,1.3893,0.7455453664355476,158.07,17.9787,16.4812
2026-01-12,1.4889815366289458,5.368,1.3876,0.7426110203475419,158.15,17.9056,16.3837
2026-01-13,1.4961101137043686,5.3843,1.3885,0.7442691277165824,159.06,17.8535,16.4303
2026-01-14,1.4972301242701003,5.3796,1.3871,0.7437709185570844,158.13,17.8052,16.4035
2026-01-15,1.4914243102162565,5.3629,1.3896,0.7469933517591694,158.5,17.6607,16.3335
2026-01-16,1.4965579167913798,5.3719,1.392,0.7471607890017932,158.02,17.672,16.4111
2026-01-19,,,,,,,
2026-01-20,1.483019427554501,5.3618,1.3821,0.7422802850356295,157.89,17.6066,16.3853
2026-01-21,1.4781966001478197,5.3235,1.3813,0.7446016381236039,158.16,17.4325,16.2448
2026-01-22,1.4632718759145449,5.2965,1.3799,0.7413447994662318,158.36,17.4706,16.1508
2026-01-23,1.4539110206455366,5.2951,1.3726,0.7358351729212657,157.57,17.4536,16.1502
2026-01-26,1.4423770373575653,5.2734,1.3692,0.7299802905321557,153.88,17.3061,15.9591
2026-01-27,1.4330753797649758,5.213,1.3598,0.7255840951966332,153.03,17.2321,15.9726
2026-01-28,1.4300014300014299,5.2114,1.3575,0.7253209545223761,153.6,17.2493,15.906
2026-01-29,1.4265335235378032,5.2145,1.3518,0.7249003262051468,152.88,17.26,15.8167
2026-01-30,1.4295925661186561,5.2459,1.3557,0.7283851700779372,154.34,17.3493,16.0354
2026-02-02,1.4367816091954024,5.2595,1.3677,0.7323861139592793,155.5,17.3749,16.0678
2026-02-03,1.4247043738424277,5.2238,1.3644,0.7298737318443909,155.7,17.2239,15.9194
2026-02-04,1.429388221841052,5.2466,1.3667,0.7321180174244089,156.61,17.2962,16.0591
2026-02-05,1.4338973329509608,5.2612,1.367,0.7379529186037931,156.91,17.4122,16.1822
2026-02-06,1.42571998859424,5.2183,1.3644,0.7349698662354843,157.1,17.2695,16.015
2026-02-09,1.4110342881332016,5.1906,1.357,0.7316894709885124,156.08,17.1896,15.9106
2026-02-10,1.4140271493212668,5.1993,1.3533,0.7318501170960187,154.28,17.2201,15.9588
2026-02-11,1.4027212792818067,5.1756,1.3569,0.7323861139592793,152.93,17.1984,15.87
2026-02-12,1.409046075806679,5.1967,1.3623,0.7335680751173709,152.64,17.2309,15.937
2026-02-13,1.414827391058291,5.2297,1.3618,0.732922896511287,152.77,17.1661,15.9807
2026-02-16,,,,,,,
2026-02-17,1.4156285390713477,5.2228,1.3652,0.7385524372230428,153.57,17.151,16.0498
2026-02-18,1.4154281670205238,5.215,1.3675,0.7387706855791962,154.45,17.1454,16.0423
2026-02-19,1.4184397163120568,5.2244,1.3701,0.7437156031533542,154.96,17.2736,16.1808
2026-02-20,1.412030499858797,5.186,1.3688,0.7407407407407407,154.99,17.152,16.0414
