date,Mexico,Brazil,South Africa,Japan,Australia,Canada,UK,Hong Kong,India,South Korea,Norway,Sweden,Singapore,Switzerland,New Zealand
2025-01-03,0.0001649215674547232,-0.0014305733158168732,-8.702277871627818e-05,-0.0005157005112486785,0.0016321374118159228,-6.079713407084598e-05,0.0006403678470965112,1.0811390890550746e-06,0.0001929447040144935,-0.0016235334084727091,0.0011747361745660823,0.0007607166824913957,2.1629317441864755e-05,0.000437835859174903,-6.639358411566694e-05
2025-01-06,0.002007422078261259,0.0024578650411396664,5.384539245803217e-05,-0.00017711245208262472,0.0001363675336401097,-0.0002921409766725584,8.057427269636548e-06,3.2962644903352936e-05,-0.0006216595981413844,0.003027629429589966,0.0010136875714877474,0.0008993124582341452,-5.737976153595391e-05,0.0004369413224516522,-0.0008477660000955562
2025-01-07,0.0018476667996983867,0.0027344240338553747,-0.0005420068419649098,-0.00034675520638919075,-0.0010832063673450812,-0.0012756119956436021,-7.398564379910844e-06,2.7972443470224497e-05,-0.0005407002201875678,0.004378957225609509,0.00023237217306419872,0.0014061943538149627,0.00012727959249668648,0.0008133357736085634,-0.0005744651996891173
2025-01-08,0.0002739372358290977,-0.0017578466473529971,-0.0005096853026268471,0.0003221522270051555,-0.0009723928978156576,-0.0003033047819781185,-1.2804322077796368e-06,2.0996220974269712e-05,-0.0004726028289496102,0.002563588405867095,0.0009153784227624586,0.0011838555061902613,-0.000554602697068594,0.0008304836558406578,-0.00043523267836118837
2025-01-09,0.0006402209416685264,5.757518389117903e-05,0.00014825922688900788,1.4421804390034946e-05,-0.0009589612466720966,-0.0002706091129780954,0.00017538985470317477,5.7787302690705414e-05,0.0002450223919632702,0.0005678101261050362,0.0005598766530665027,0.001236899053103233,0.00015148535585236204,0.0008036868347195227,-0.00039644666016980755
2025-01-10,-0.00010568570667772085,-0.0011126389402287592,-0.00024082047670811075,-0.0003158618582554191,-0.0012775252069715446,-0.0008512444962134359,-0.002413857505777211,-5.25937987042266e-05,0.00018380388815825358,0.0043880512837040945,0.003741074479171993,0.003259249308934568,3.905138041140285e-06,0.0009987507583528476,-0.00019991732661818086
2025-01-13,0.000543478589395973,9.229446890904596e-05,-0.0011380463281156661,0.0007193811749136366,0.0017397130689332297,-0.00043538953263144275,-0.0005336603224487702,-4.6691108154695124e-05,9.610357683871748e-05,-0.00031753613366491317,0.0016146095918530344,0.0015718642118431995,0.00016100825377584084,0.0006493059304909629,-0.00022387693178210484
2025-01-14,0.0002117450602953779,7.715524836805188e-05,-0.0009574515146197241,-0.0002278797524447453,-0.0008531878782008095,-0.0003250368806495713,0.00010328416399768061,-3.529228621644923e-05,9.220538318815501e-05,0.0006845401742650214,0.0019853879599085484,0.0011223404900456322,0.0001165541502291578,0.00042810831048354405,-0.00024622556856789294
2025-01-15,0.001352970771047729,0.0031140651389033537,0.0008972394644916484,-0.0006081237605982373,0.0009508782260369097,0.000757666667653126,0.0007850493370606372,-6.467453992375888e-05,-2.7999072048203802e-05,-0.0030440106341124767,0.00166494963732868,0.0005014650565902801,-0.0014598968354912567,-0.00016638771150228126,0.0024952554008130434
2025-01-16,-9.49569491113555e-05,-0.0015942051570264257,-0.00032439692731964004,-0.001268212110547922,-0.0005773967779038078,-0.00019320924100563116,0.000422152877091801,-0.00011889832301681243,3.2058341381687124e-05,0.0011566697440624615,0.0005588504373796255,0.0008612969831485082,-7.967781706218375e-06,0.0006111570820608926,-0.0007614867319784267
2025-01-17,0.00028878999906731603,0.0003578171816630463,-0.0007176033838429821,-0.0004825178632717763,0.0007681319734745099,0.00020513656822906558,0.00011661117918774456,-6.980350130379537e-05,-1.6757780149151466e-05,-0.0024232017785733796,6.415940714716558e-05,0.00033424036052919523,-0.00014487348280432962,0.0008652195403760182,0.0016018744763977072
2025-01-22,0.0008264352606641839,-0.0003657392045402988,4.290441617985364e-05,-0.00012578061970643185,0.00017484537142168364,-6.746617134782802e-05,4.8260677147372966e-05,4.603940280422826e-05,-9.797215970691723e-07,-0.0018831173444409503,0.00014634092145479204,-9.567298024631828e-05,5.863595576943181e-05,2.8667383770615227e-05,0.00030203963564711045
2025-01-23,-0.0003680201421691079,-0.0001558938695234387,-0.0001325251564669197,-0.000967409925567263,0.0011811413868063026,-4.8777095663855944e-05,-0.00021078118719875842,6.449931272172819e-05,-5.427860239367569e-05,-0.0011359654209178703,3.705024194054644e-05,0.0005161431100055698,-8.773825399605759e-05,1.4458630533812126e-05,-0.00043681303868171374
2025-01-24,-5.83274170563835e-05,-0.0004167950003720285,0.0004206434412346181,-0.0015276587213658337,0.0007998536373973072,-4.003862349799146e-05,-0.0005799631741609258,1.3016228219586775e-05,-6.026917984195352e-05,0.002490879575073522,7.0009253646883924e-06,0.00027018151018623373,0.00012923887873939795,-5.413760995002607e-05,0.00021348009801906871
2025-01-27,5.64901937992253e-05,0.004044483794669381,-0.0003362342696964146,-0.0003894882128246964,-0.0011426374757796186,-0.0013887932338271787,-0.0002935275423481215,3.79215710113093e-05,4.078451542268274e-06,0.004227780558580286,0.0001665199991577912,0.0008355600236388806,0.00020610265580728592,0.0008810302534939022,-0.00026057366003779655
2025-01-28,-0.0005037377042377669,-0.0008945239683838066,-0.00022525864162837236,-0.0002319599998055913,-0.00010430447096264406,-0.00018653141621162005,-9.005674462592595e-05,5.166589642096523e-05,-0.00019361353401717673,-0.001495990662715788,0.00012945834412940655,-0.00015446979160046385,-0.00011889067021393663,0.0008513419582050939,0.002655063944872119
2025-01-29,-0.00024562997258142764,-0.00023203138421299608,-0.0003243645603743521,-0.0009388552081417286,-0.000854679402195187,-0.00023456696437742114,-0.0008436313796774745,3.112726719436582e-05,-0.00023794400554977665,0.0007237990487926103,0.0008853968868138096,0.0006505159125337038,0.00018928423739518797,0.0008402871935944042,-0.0003517740244733356
2025-01-30,0.0005198518170953768,0.004276435001831535,-0.0013325185854341517,0.0005362118947042752,-0.0006024113636766703,0.0002203908748268208,0.0006392844540706766,5.885263886911176e-05,-9.421844518655784e-05,-0.0005736941490386053,0.0007230868954052124,-0.00022779559671397262,3.9725895208780426e-05,0.0007484652596860016,-0.0007209745503348106
2025-01-31,-0.0010241250487108894,-0.0010704039597707114,-0.0017678385769853667,-0.0014319047665153893,-0.0006056024268674834,-0.0005840354831671424,-0.0008934306819760918,5.0888807174207185e-05,-0.00023237255545020713,0.0004484783860592135,0.0008666444434604355,0.0005298113516002208,-0.0005624582578985553,0.001059116719786117,-0.0004554174645869216
2025-02-03,-0.00024218811979257937,0.0001636354121744205,0.00010546533261183275,-0.0005190167449440616,0.0009695566234309522,-0.0005669500403968567,-0.001252199783815501,9.68366859244793e-05,-4.8101741268484344e-05,-0.001189121593845648,0.0009759643993385325,3.1692628552832105e-05,5.6711205472187604e-05,0.001059116719786117,-0.00032037295690373477
2025-02-04,0.0012642633796805466,-0.0008804792862624645,-0.0009282948623758754,-0.00021899475835551754,0.001265647637291528,-0.00028037162579454993,4.399863563695558e-05,-0.00016901838900463599,-0.0001247213861085105,-0.002195160098386774,0.0006815971770100935,-0.00015287298133307456,6.830569870308665e-06,0.0008207365451315556,0.0015519301805056822
2025-02-05,-0.00021931164725333787,-5.983591933604488e-05,-0.0002558186925436851,0.0003639909463444393,-0.0004651502329655145,-0.00014377652676920375,0.0006815376022625004,4.412810985564225e-05,-1.3537924556002197e-05,-0.0006089212574780505,-0.0010597435711143766,2.7916409966411723e-06,8.438314434695897e-05,0.0008588768995882357,-0.000891371594073116
2025-02-06,0.001993129117872594,0.00010160100288873513,-9.868144774481435e-05,-0.0015830125937671571,-0.0002751569655280285,-0.0003602588575708717,0.0005912572318731166,-8.21672485601714e-05,0.00010321589986256998,0.00012394359125035068,-0.0013030277935190651,0.0010585241547010538,-7.127942454434223e-05,0.0008744369188096568,-0.0011171403371173598
2025-02-07,7.001657715723338e-05,-0.00250861777108986,-0.0002624981923886464,-0.0013741554771351605,-0.0009830225704279773,-0.0006862163490614926,-0.0008396362872540316,-9.75826664932489e-05,-8.147343445848686e-05,0.0011109700768064472,-0.0011317537970479527,0.0007118164354634674,-0.00013200792673608288,0.0008378581287296355,-0.00040858845310971835
2025-02-10,0.00014531000349748594,0.000467741272650622,0.0001124676974058082,-0.00010383700336669314,0.00011517443137343615,-9.564830448632843e-05,0.0004529952182810746,-0.00013936790652141855,6.959222523690128e-05,-0.0010277487697733306,-0.0012740936571540406,0.00018274563408921782,-6.788585453069182e-05,0.0008789773833215565,8.693829695740566e-05
2025-02-11,0.0005856865014902379,3.3279906544552626e-05,0.00034758396465779857,0.0001900900139530308,-0.0008197278757889516,-0.00032071912982721345,-2.7108185333572516e-05,-6.897745374656705e-05,-4.0446767134803224e-05,0.0009025345266924537,0.0002989200314318013,0.00019194349717432458,0.000105157380126057,0.0012443000638466457,-0.000499317563846776
2025-02-12,0.0005346527697069659,-0.0021010619348700256,0.00015728839896501925,-0.0008811633126679543,-0.0011071157234603904,-0.0004781333622084817,-6.215562819460817e-05,-0.00029385719482369327,-3.0480825089304787e-05,0.001397091687665793,-0.0006076113707513675,0.000609870445025768,0.00011090774514289445,0.0005245429941736086,-0.0005043765039144226
2025-02-13,-0.0003285473292881727,-0.0004076633103251431,-0.0005675119025088432,-0.0009095791697033721,0.0006725490125366909,2.3643290960926258e-05,0.0003733813600031958,3.8763674263182845e-05,-2.3797510266812103e-05,-0.0017899235658099437,-0.0023908553406011054,0.0007204633357366687,-0.00012009396726625279,0.0012743174843341993,0.0005376174632224685
2025-02-14,-0.0016747259042975535,0.004253609513579272,0.0003831059040196433,0.0003384668487055886,-0.0005165836905051077,-0.00019116539156926215,-0.0003211789839386803,-0.00018134068842774425,-0.0001093918829492804,0.000595785069791051,-0.00037402654791353964,-1.2771738609632572e-05,0.00011234220965287052,0.0009050457555709989,-0.0005831618180549637
2025-02-19,-0.0009075761955869121,-0.001243251078847711,-0.0008684062700806418,3.857266760691968e-06,0.0011604019460750366,5.910536134467312e-05,0.000217905614264772,2.790339441124732e-05,-0.0001635387699798899,0.002640032561300301,0.0005157927021768841,-0.0052361226974921085,4.390306757514415e-05,0.0013911048066219754,-0.0006914903722156188
2025-02-20,-0.0010009480788794897,-1.8364910652177248e-05,-0.0002522022832778263,-0.00034674319010413214,0.001879057953806987,5.048600920989358e-05,-0.00046632196528588596,3.29370522146108e-05,-0.00015886746887002208,0.0005266592546751947,0.00043008908944226716,0.0008834407810931403,0.00012563074518533504,0.0010472737379152988,-0.0005496174814802736
2025-02-21,-0.0018631249676196375,0.0005168013047779073,0.00017350300591765944,-0.0007345639814446465,-0.0006701120018757067,7.222710501680746e-05,-0.00016233043472048473,-0.0001232749238512578,-0.00025448493667507314,0.004700453271513156,0.0029525795654059385,0.0009993006848453864,0.0006357227558790009,0.0008498441655771481,-0.00033733046735917485
2025-02-24,-0.0007375791535677564,-0.002225513311337517,-0.0007732447365890419,-0.001104138336529407,-0.0007037315113404749,0.0001605839911273086,-0.0007782449446381293,2.61297727911869e-05,-7.993778506168873e-05,0.0008064634992844045,0.001089947809505614,0.0005495405466931683,0.0006189694564314836,0.0010228210505439843,-7.013004131904852e-05
2025-02-25,-0.001370692649183867,0.0005724337399741585,-0.0003085360255931393,0.0006514717320490717,-0.0006437754291386555,-0.0002037226003711866,-0.0009489855914852211,6.287788070436466e-05,-7.660398139238064e-05,0.0009217657720137353,0.0011938621955071848,0.000793872463983632,0.0006555057980490074,0.0010193141617993201,-4.459741939186953e-05
2025-02-26,-0.00026806237704865506,-0.001119011375071386,-0.0006286641033236045,0.000466508878539486,-0.0005323747566738911,-0.0002724359538166086,-0.0002708542438609769,-0.00011610015232844438,-5.5121739892835045e-05,0.0009233971475587878,0.00041016829013009896,0.0010655102741407693,0.0006791159082103677,0.0009740383909270278,-6.802691764069317e-05
2025-02-27,-0.0015658130638381014,0.0004964957533548276,-0.00010822587688767672,-0.0005198464181851683,-0.0014046282134788353,-0.0018086339606588474,-0.0018362731048075982,3.113591605949309e-05,-0.00018480104329245567,0.0042430862500407954,0.0005277889580949198,0.0017159851702175136,0.0011862365225702265,0.0010193141617993201,-0.002117493573598922
2025-02-28,-0.0008752227824768227,-0.0016982876787002802,-0.0008569766399535978,0.001475449807956664,0.0015145643359710922,0.000219852835378121,0.000668982830473319,1.9896078580900583e-05,-0.0007161618489705639,-0.0019071756741269215,-0.000880055539377594,-0.005522344391021493,-0.0014581538561951296,0.0009610598616429202,0.0011473513585529263
2025-03-03,-0.0006895027095619922,0.0004510397951673822,0.00011206657616266134,3.966029053379917e-06,-0.0010302700477428778,-0.0005654710869676016,-0.0005297476544409118,5.162258453297852e-05,-0.0007176707988193758,0.003941895014484597,0.0025884321478267585,-0.000707176986399746,0.00015259563772776957,0.0008333888171971864,-0.00037440124841984184
2025-03-04,-0.0002656965599505011,0.00031701507564164244,-0.0005718092472451376,0.000729758897670312,-0.0011668550766164374,-0.0004531136389530976,-0.002894543144806529,6.368527144327243e-05,-0.0005978681628379723,0.003244044886015373,0.0011435863918050407,-0.00491186201548193,0.0008702756923793156,0.0008499829627857256,-0.00038608564040762487
2025-03-05,-0.00018061393010714578,-8.636703600660763e-05,-0.0004720331746383072,0.001004414615048126,0.0008139171733837796,0.00013353497090312823,-0.0007183527146058125,-8.337876424782095e-05,-0.00047622591246983926,-0.0013775034001631866,0.00019414763923383506,5.5749964782126555e-05,0.00011428702264489399,0.0008772463830066918,0.0014690102693006842
2025-03-06,-0.0010503786342464223,0.0007564425084695014,-0.0013557020694082334,-0.0007898146430612136,-0.0012988218261305627,-0.0010387785904979582,-0.00028599243570974714,-0.00011362923926342539,-0.0004124900624943882,0.004348881410579673,0.0026676292143752232,-0.00025683382534901297,0.00041279095782771884,0.0008772463830066918,-0.0005625612885806578
2025-03-07,3.584586558470292e-05,0.002536763570791186,-0.001430480798971772,0.0012355964358116537,0.0012571369467690274,-2.118050258715366e-05,0.0003307288201249403,3.922847065614601e-05,0.00010942329469707338,-0.0008134786034809143,0.002043902426316279,-4.663213857845899e-05,0.0009550425170424263,0.0008478442915684853,-0.00029873541960536684
2025-03-10,-0.0017917270137478595,0.002098976600415722,-0.0010863875344916116,0.0001831766079521508,-0.0013510961609317822,-0.0020571769283036995,-0.0022577056813825355,3.1621830461941816e-05,0.0008034438622454792,0.004710633812344149,0.004453685365628789,0.0020039421094186012,0.0010497227308633723,0.0008959826489935226,-0.0022654839863324857
2025-03-11,-0.00042835135446666776,-0.0015784310784478482,-0.0006350518877622477,-0.00017257545729242995,-0.0010841016264820239,-0.0005989894012691678,-0.0006389690856209182,2.7460594991412525e-05,0.0007054346227678357,0.0002720507169309234,0.0027434821289367673,0.001951368896820988,2.2913078558345754e-05,0.0008434026128965791,-8.275726969722711e-05
2025-03-12,0.0014891647159119387,6.656790182926238e-05,-0.0005686391821124937,0.0008661640381637093,0.00048655898783450495,-0.00012230515891376996,-1.9565265870849374e-05,5.427154093601934e-05,0.0007900671747447024,0.0024527115763780956,0.0015345664105817993,-0.0003356985803911733,0.0007321288411291115,0.0008434026128965791,-0.002114296204122105
2025-03-13,-0.001380468463549808,0.003923526226422475,-2.4393065640279635e-05,-0.0004989524053692064,-0.0006069265079848917,-0.0009558252569751723,-0.00012853791799630128,6.242884280219104e-05,0.0006510488904269146,0.004452914822813572,0.003372507742480829,0.00026374175405128117,0.000382480640818856,0.0008434026128965791,-0.0002888273719911776
2025-03-14,0.0010221045663841514,0.0026212899661768874,0.00033387412502720626,-0.00022156954814966232,0.0022888691030230686,0.0006978014135931535,0.0010112511620096135,-0.00024956688276025357,0.0004738598323356468,-0.003223071129004083,0.0008867158080048867,1.5993615011273954e-05,-0.0012559163386358801,0.0008364783854048535,0.0024226244526140504
2025-03-17,9.536265863724315e-05,0.002433794347510498,0.0003152030695669019,-0.0008501521971213999,-0.00013325925902631254,-4.351949285063919e-05,0.0004070322871034838,4.602714260556962e-05,0.00013464355548067054,0.0013444095409674913,0.0021771765499886964,-0.0008003365050390296,7.213060939801523e-05,0.0008586875181937612,0.000392095437437723
2025-03-18,-0.0008036991561509807,0.00044569878190415987,-0.0003416076214687605,-0.00048150915815504725,-0.00045168730029886806,-0.001088889167071224,0.00021878180621538623,-0.00028376967510115853,-0.00019833795929992602,0.0036414276945645288,0.0006973733444122096,0.001317722234524761,-7.838654899616296e-05,0.0009009407575465245,-0.0007158752664062001
2025-03-19,-0.0008028566880724233,0.0005664951901510999,0.00038778991926780677,-0.0005418952910370068,0.0013213132802428042,0.0005138888294544655,8.061824516492445e-05,4.81610549184729e-05,-0.00021828643666799114,-0.0010993445894149465,0.001372785696802539,0.00034906357449674894,2.0575536920491187e-05,0.0008048641738779254,7.684671698978897e-05
2025-03-20,-0.0016155093113158724,0.00024178621438940637,-9.185711688310757e-05,-0.0008781552535100405,-0.00039207421896657075,-0.000235352633537208,-0.00017186467700451992,2.2542314079546776e-05,-0.0011275871579868326,0.001158494844345001,0.0006181778894134947,0.001541604571195349,0.0002343583717132955,0.000831545778894004,-0.00043710334648628795
2025-03-21,-0.0007645016462683504,-3.523966634230242e-05,0.000584604003110683,0.0005547568092109801,-0.0008406583545652683,-0.0005027341510615045,-0.00022061293793287066,1.258111570644295e-05,0.0004874716672466478,0.000782989620223955,0.0015295383617754531,0.0024580392758471524,0.00029699212576302265,0.0007427202649736337,-0.0005520196399408933
2025-03-24,-1.0111802295682364e-05,-0.0005952405715102426,-0.00016502111124018008,-4.352280497073027e-05,0.0016131152219100826,0.0004200356860351483,0.001060474645960262,5.37882595917732e-05,7.227238983557218e-07,-0.0033647843905814895,0.0004463221589899031,0.0003483686134729072,-3.675007839108902e-05,-0.0002146640442560319,0.0027396961335907077
2025-03-25,0.0011073430613349994,0.00015533139561737171,0.0004216981336481994,-0.001090650692897411,0.0008679044253802321,-0.0002119520855649535,0.0015796022722770946,3.1643256952105604e-05,-0.00016698785738556975,-0.0011928197546520886,0.0005176805408129976,0.0012140375210192684,8.059055950491215e-05,-0.0001408018145132375,-0.0004918008774272411
2025-03-26,-0.0002114787651564699,0.0003869402610719604,-0.00034485164860422965,-0.0007965140027124515,-0.0016243652457354693,-0.0007138528498932765,-0.000299065622729184,3.867349385751604e-05,-0.00018108050855212882,0.0023046098151736057,0.0006699256286650801,0.0031134575913380784,0.00020702276171450217,-0.00016719336643806053,-0.0006457800798844146
2025-03-27,0.0013774881742389415,0.000353978309105509,-8.82651674343623e-05,0.0008009691553156563,-0.000979856330062618,-0.00023728013547819177,-0.0008001652097839159,5.160016498411757e-05,-0.00027167760362167175,5.0786573744948705e-05,0.0017526693930983858,0.0028126182822360095,0.00014486360138110668,-7.324855111009095e-05,-0.00017995497143641746
2025-03-28,-0.0016806040130475793,-0.0013258225861774804,-0.0001910494869103076,0.00044342373291428804,-0.002607786946638381,-0.0007478336207666919,-0.0011388904499143797,6.320093697961311e-05,0.0005166763534363481,0.0015057079344060033,0.0014236857526249366,0.0034595855445350866,0.0009265009427350538,0.0005240961478785897,-2.893755623326704e-05
2025-04-02,0.0007898922730101991,-0.00014314200106509717,-0.0006107849597911698,0.00047408918500653957,0.0004249552844974039,0.0001245812591413658,-4.8975773508344756e-05,6.176878655468614e-05,0.00017343892057868982,-0.0019721720322021094,-0.00028032801189437035,-0.004474633121578113,0.00018365733718444163,-0.0005963172233677519,0.0003967039174690578
2025-04-03,-0.0011208133058700825,0.002180852810524861,-0.0007332561685197223,0.0005747022231366023,-0.0028131570779321552,-0.0017609849298682982,-0.0029931621821006706,5.21959072777997e-05,-0.0004422292316516474,0.004438472465405427,0.003628294821879486,0.003224177080968967,0.0013516873630717847,-0.0009332233730716392,-0.0023982925291472874
2025-04-04,-0.0021419403135844333,-0.004828276465975562,-0.0005455042957634077,0.0021585190337629206,-0.002677593025829268,-0.0020989569056024363,-0.003173830486273056,2.567064646390078e-05,0.0005109161614226422,0.00517924177629954,0.002223480993009364,0.0010506659777358427,0.0009310570305665782,-0.0006241365969433133,-0.002464383756975422
2025-04-07,-0.0021419403135844333,-0.002833684856181147,-0.00035815820940235735,0.0017599116845552858,0.0006540551072763942,-0.00023626158590297203,8.991000922458331e-05,2.4470438370399225e-06,0.001310942966794918,-0.0010963249672655629,0.0017836126980146849,-0.004725998764433799,-0.0016964870312941387,-0.0001236783550491712,-0.0023166147958159633
2025-04-08,-0.0017885563247488764,-0.0038348500073870015,-0.0016933420862418958,0.0010349156923630037,-0.001679107680440735,-0.0007477904354076445,-0.000861517553047293,3.0128880598911533e-05,0.0011320488126288276,0.003699790516246419,0.004791534701114425,-0.0008934794800281021,-0.0003233976097512997,-0.0005888494629839564,-0.002367874489354602
2025-04-09,0.0020868660379683543,0.003713526998481697,-0.000431950839083027,0.0017538676525566165,0.0017262841759930487,0.001804356236526194,0.0017479582841205587,1.7573593457937797e-05,0.0009954463843655917,-0.0017240310865594443,-0.003386405013961396,-0.004987784488653651,-0.0016115154278119846,-0.00021248071216406096,0.003025241020615539
2025-04-10,-0.0012259637438211016,-0.0015458540245685806,-0.0008919389816975687,0.0008046055792059894,-0.0006025440673998482,-0.00011604738474838334,0.0011570621334345548,-1.3300131188210707e-05,0.0007264285358169134,0.0007364722663026678,0.0005249734854420808,-0.0008934794800281021,-0.0009125201036934982,-0.00021248071216406096,-0.0008189357073506498
2025-04-11,-0.00053176949836383,0.0036182853897065927,-0.0007820084579955397,0.001419431042695648,0.0013748496998859064,0.0012129205513562243,0.002040289433939972,2.2503253965253847e-05,0.0010755103041921125,-0.0027864562404229104,-0.0031903791414107717,-0.005473423062752136,-0.0016413803540666432,-0.00021248071216406096,0.0025391512217610855
2025-04-14,0.0016449298695960506,0.002786818506266482,-0.0007445489718616607,2.9220772958813886e-05,-0.0013936716519471998,0.0008118477178345496,-0.0006423462093996124,-0.0002487230839718696,0.0011069313501871605,-9.056519385285366e-05,-0.00017559864581490742,-0.0007536514766633397,-0.0003451147835303562,-0.00021248071216406096,0.0018099969140223482
2025-04-15,-0.0001307308701036645,0.0003719068065223583,-0.0004158146566435272,-0.0014346958931619705,-0.0006360197745613967,0.0002627739580702661,7.022119649652873e-05,3.831504320338401e-05,0.0006788771363102771,0.0013158233198824626,-0.0004389713704766963,-0.0008934794800281021,-0.0008585468704322694,-0.00021248071216406096,-0.0005187440626893828
2025-04-16,-0.0007008818970620665,-0.001563640365998647,-0.0015372044011526234,0.001088663938467753,-0.0025019918517902623,-0.000283262784237071,-0.0017453073693282555,-2.68579896392747e-06,0.0004247256363206215,0.0028894514935018036,0.0027228358508888557,0.0014884532167308388,0.0003243099380719839,-0.0005780209747163123,-0.00024759546348720264
2025-04-17,-0.0015355099418637064,0.0026932688103301957,-0.001093035296310637,0.0006322603425804782,-0.0022036073032502385,0.0003055659214293044,-0.0014092329644411644,3.30924354605903e-05,0.00012005917303767253,0.001701929132674886,0.0013205336104810373,0.001621990352156871,-0.0003744537762600516,-0.0006806361719731356,-0.0002487431991690425
2025-04-18,-0.0017028272145149844,0.0003337368345962883,-0.0006753827887010184,0.0004846266009848027,-0.0013256989921007593,0.0003318258510149057,-0.0011858442603166772,4.410388411310287e-05,0.0005895132175551043,0.0006524135522978807,0.0006482504860983323,-0.0010018357255378936,0.0010139871684957359,-0.0008852919200811942,0.0006038409139620553
2025-04-21,0.0008842685962783973,0.0021908366784919547,-0.001090270331966796,0.0019358832083936947,-0.002555484630979388,-0.00199807333489912,-0.0014957664053183882,2.8316099819412313e-05,0.0006948995171728402,0.0047325655648885285,0.003800011492277437,-0.0010251350196763807,0.0005928666766471889,-0.0003366692427145936,-0.00215591580757469
2025-04-22,0.0015754060783936482,0.0004609728415896393,-0.000580751492733343,0.0010793790992431399,0.0010191952069124178,0.0016545143822023912,0.001966303858093734,3.328669406531363e-05,0.00028144081244210544,-0.003235063855734009,0.0008081692268160904,-0.005612831754890747,0.0006051670498643389,-0.0008602978508091371,0.002612991863848864
2025-04-25,-0.000636350842082324,-0.00018104267671398484,-0.000319389183858237,-0.00040156724624465056,0.001625989078091811,0.000711050455316169,0.0011322531743909955,5.116322090439717e-05,0.0003471419028684944,-0.0005200833906485638,-0.002305424555974587,-0.0004502651994774706,4.561588086651913e-05,0.0004891614169347533,0.0013742620288016599
2025-04-28,-0.0007248978688845532,-0.00012823376451842866,0.0009271060930071569,-0.0010263639298219267,-0.0005339293906580886,0.0002940462135499139,0.001537520473286273,4.765912485831776e-05,0.00019106465810369308,0.00021720648224865072,-0.002052789057899901,-0.0004754316679898864,1.922737949744277e-05,-0.00010671965480704518,-0.0005453334371480329
2025-04-29,-0.0014586641484970312,-0.0001347947705449407,0.0006928893475176476,9.067061135049694e-05,-0.0006327371707787942,0.0004443337602707261,0.0011431360918842822,5.546372562149788e-05,0.0004514155206487489,0.000158484991789898,0.0005791524178545972,0.0013694741776906047,-4.995601393452914e-05,-8.6120201271288e-05,-0.0006205877171092657
2025-04-30,0.0016602716870269306,-0.00016183493595328837,0.00029340390697542236,-0.0009866508938648105,-0.0007410651325870939,-0.00012317547796554542,0.0003306138262893619,3.9807557617035534e-05,0.0005011983916404621,-0.00040555794788614286,0.0006475629419177987,0.00044894497700553415,-5.787472830534082e-05,-0.0005768885623470723,0.0002970620174660537
2025-05-01,0.00040167004659788226,-0.00021074654424557717,-0.0002550332057437732,-0.0007166357274236904,0.00044633876085377306,0.0013141542543181764,-0.00029091081317145706,5.2657222760362315e-05,0.0005144254319614265,-0.0006123110046251189,-0.0010201956662154292,0.00019057134865080514,0.00010319235692507895,-0.00010116995340883912,0.000852701224276371
2025-05-02,-0.0001519170492290045,-0.0003040363001573185,-0.0001326185898871376,0.0005583352253604697,0.0005189808572450029,0.0013708126257537382,0.0004934444366227079,3.9774521878717476e-05,0.00034619856845586054,-0.002907519231014938,0.0005666831594602309,0.00023130184448896788,-0.00015483071316956182,-3.103857995452545e-05,0.0011986476043506175
2025-05-05,0.000309353452972409,-0.0020279959822456,-0.00029022458069706726,-0.0006792971725136197,0.0009726827126700654,0.0006133408177360102,3.695869837413792e-05,7.886922667189585e-06,4.6997278667853466e-05,0.0014794109807443876,0.0004104141300275467,0.0012888811958709267,0.00014958542341577378,-0.0009822806744018554,-3.071954986129458e-05
2025-05-06,0.0020485419884911527,-0.00035979018340854136,0.00035106085388019614,-0.0008294400263204065,-0.0005167244564522222,0.0009968794151641559,-0.0005777620446071926,-7.468953115782614e-05,0.00032222169182277694,0.0016142421490417344,0.00023162577690799224,0.0025028862961351704,0.00014644236506275638,0.0009487952680696375,0.00017603477035793498
2025-05-07,0.0005951033590412623,-0.00038234351370706234,0.0006358769024283727,0.000525177998949523,-0.0002517308091248862,0.00017630813285333336,-7.835098458299618e-05,-3.4092491621904216e-06,-0.0001703966304455802,0.0007027204760420574,0.0007164232775538414,0.0007296171945073774,0.00019310175275775155,-3.0258552904801964e-05,0.0005307965460444716
2025-05-12,-0.0001749427987870801,-0.00013756444805097893,-0.00020600303121247584,0.00165034997284803,0.0014271943140830277,0.0010625610282019382,0.002501630865270232,-0.00020974315739062213,-0.0003092126138914103,-0.005291190127111376,-0.002038245831408059,0.0008913103871329051,-0.0014938884618668773,-0.0007475178505036078,0.003887918744059006
2025-05-13,0.0015028949562702816,0.0030261613827945537,0.0017093589622051394,-0.0006943411211486112,0.001338011096298484,0.0005141768898401332,0.001427228770201872,7.56939721342383e-05,-8.226927963956896e-05,-0.001666770226342708,-0.002295675721187685,-0.00021965442353608802,-0.0001271349353873337,-0.00046991549989783906,0.0018005500201383876
2025-05-14,0.0006359910229182406,0.00021906105352934173,0.0020586671097158915,0.0010899140353212574,0.0010050084500987822,-7.574145901642415e-05,0.0014359409556204065,-0.00029592434555955084,-0.00017317605305598767,-0.0007500721832188256,-0.001467978682772882,-2.673851489733844e-05,7.64944163535382e-05,-0.00025199113636117405,0.00025302009694787026
2025-05-15,0.0002157930065509366,0.00015994596039391765,0.0018169052007243136,-0.000756368619245492,0.0007954119533794702,0.00013935176303978908,0.0011639582470963825,6.239154543727284e-05,-5.050513656787395e-05,-0.0003631836076665674,0.0009074979067320658,0.0005630878713155857,2.5965550641462924e-05,-0.000172637196443927,0.00020876248302660296
2025-05-16,-0.0002629764586293901,-9.920158575377132e-05,0.0025197338751433928,-0.0001351568228165909,0.0009040698154780687,-0.00019800235462891412,0.001178797558561464,8.142543867714519e-05,-7.031720786150082e-05,-0.0005424813227780937,0.0006542091861423748,-0.00022987265589165636,-6.945270371085333e-05,-0.0002284737471222032,0.0012607745876277803
2025-05-19,0.0013302979902313097,6.820639932993868e-05,0.0029805894541499282,0.00012838736433972182,0.0016676071580292392,-0.00019190284431351646,-0.00013481073296184594,9.929987712172378e-05,-4.9990805285228224e-05,-0.0012574738888452566,-0.0001550574131360254,0.0001220460975734847,0.00013053748892105267,-0.0002800587008930517,0.0001407288826768498
2025-05-20,0.0002431077240522382,0.0002912129670947419,0.002920358569232724,-0.0012632794781359646,0.0005712170811439016,1.2836685098133457e-05,2.5907175253257616e-05,1.5071957578702257e-05,-0.00011406060098516596,0.0002890919402838098,0.00045549193436309745,0.0009045640469184942,0.00022259880286620376,-0.0004964584075403094,0.00022351937255786098
2025-05-21,0.0008952711709034046,-0.0036976475185038645,-9.641368195028571e-05,-0.0003962971531760405,-0.0013138980966935657,-0.0012304887616804388,-0.001782392019492369,4.590140877867659e-07,-0.00021102502512263782,0.0015275998243677608,0.0021341812196290296,0.0009594188952238323,0.00016876039242398808,-0.0005474434571679601,-4.612532037995538e-06
2025-05-22,0.00031810780888281607,0.0002470401563276996,-4.6154746670549045e-05,1.757765035793272e-05,-0.001402798178953282,-0.00019077859773597889,-0.0008102968594911679,6.895374277753038e-05,-3.091706205866491e-05,-1.3081656011268642e-05,0.0006028641289055142,-0.0010388221229565334,0.00013435439456648565,-0.0006575667101591813,-0.0001691583296252883
2025-05-23,0.0015788031683273574,0.0003785028504947533,-0.001315232069820351,-0.0009038205937897809,-0.0013948193214532454,-0.00015555398054899528,-0.0011715732207584438,5.6756365093614246e-05,-3.9540701513940705e-05,0.0012536727979228141,0.0009295761253578646,0.0006318526410716379,0.00048333416115932534,-0.0005972174260692514,-0.0001511220970640018
2025-05-28,0.00027040916335401374,-9.989874105700684e-05,-0.00019416900120461738,-0.0011064564734806644,-0.0008402648153347986,-0.00031298819041869567,-0.0004984006869441581,7.532803892658366e-05,-5.275274424415431e-05,0.0013944523098864713,0.0005590663530078627,0.0005719711605076769,6.351042672972535e-05,0.00032632377819377016,-0.0007879989532800942
2025-05-29,0.00011028582292077993,-0.0002857410324643286,5.9810384180126625e-06,-2.8346031256457217e-06,-0.00045658093872857436,-0.0006330615689244918,-0.000363185473845864,4.998321593207751e-05,-3.121723510421723e-05,0.0013775543734496844,0.0003525656505067169,2.2159035492407034e-05,1.9325906151249216e-05,-0.0002290357297679448,-0.0009311466513591963
2025-05-30,-0.0001448251800711894,-0.0015039640970738182,-0.000450446549455742,-0.0009428444729133605,-0.0007634523033879789,-0.0004001127322474396,0.0004213276990615587,7.237660226367227e-05,9.726111675915028e-05,-0.00011610974436972223,0.0007474853382106707,0.0006010503109601215,7.563277590625419e-05,-8.836961570139846e-05,-0.0005156732340684371
2025-06-02,0.00019652783478282403,-0.0002918682721469567,-0.00022267377957385144,-0.0012144977281780198,0.001470899544271455,-0.00015204717921104256,-0.00028350427960206667,9.043595915814498e-05,3.7825738542617515e-05,-0.0002784677844241556,0.0008793344218784569,0.0004924145887885905,8.03843245621124e-05,-5.177320909095775e-05,-0.0007672498594652293
2025-06-03,0.00041710936044888697,-0.00035899423457084697,0.000455808949673893,-8.859118881433195e-05,-0.0008589915919491694,-0.00031929499530196885,-0.00014439635643606266,3.0393196927414942e-05,-0.00013733576540008753,-0.0010580723667319187,-0.00038472056768275244,-7.281954982195878e-05,4.4488848147112836e-05,0.0001326680352500657,-0.0007138077063104928
2025-06-04,-0.0012813315151997766,-0.0001149578857491596,0.00010057063468538691,-0.0015361834097506063,-0.0005302095859425727,-0.0005139374240669151,-0.00010210452756714882,5.847430403325595e-06,-0.00014328127250180464,0.0017756474035500768,0.0004277001422255818,0.0008551507785024172,0.00011420265723932899,-0.00016431517684939464,-0.0005723068775600971
2025-06-05,0.0008279681620930885,-0.0005489270457698313,-0.0006131479790685941,-0.000322234093942763,-0.0010377135645136882,-0.00038421027531409645,2.971484431504492e-06,-7.266774058812153e-06,-0.0002366699437906992,0.0028371401973323346,0.0003392275718907039,0.0008341992591359573,8.680746036636272e-05,-0.00028087138911659195,-0.0005485754827283456
2025-06-06,0.0005539985234857634,-0.0005100042187371451,-0.000368900558056361,0.0004592861111314576,0.0005539930231310909,-2.6250487246469996e-05,-0.0001718939522739148,1.8736344020289294e-05,-0.00010265601905804219,-0.0016357087254319216,-0.0005852006337956734,-0.00015631580351619853,-9.502379396898809e-05,-0.0004239189554789307,0.0010753227814369484
2025-06-09,-0.0008959078473270442,-0.0002752582573853625,-0.000271889092250516,-0.0007823620791646887,-0.00016928184242215194,-8.992144830831847e-05,7.899514919610963e-06,-8.287110839815605e-05,-0.00016022017313953904,0.0031723082904094118,0.00045189481732593425,0.00014120739991257999,6.8656601564789e-05,-0.0003305338339128111,-0.0004110578073499623
2025-06-10,0.0002652898490636358,-0.0003743643007581618,-0.0008975990016146756,0.0009818975235033917,-0.0004615115906670817,-1.479931992543965e-05,-4.984733002931105e-05,-8.432938369771048e-05,-9.978992836590257e-05,0.000622205392318651,0.0010249709770954766,-0.00030933285152093937,7.23419314809193e-05,-0.001233129378677493,-0.0008483092559117126
2025-06-11,-0.0009560767018261464,-0.00018857445701852348,0.0003880667343954917,-0.0009619919235150041,-0.0007237312076558798,0.00012111402381312665,3.391395778460803e-05,-9.466656394918376e-05,-8.846002370676229e-05,0.003276822776806147,0.0007324514108972435,0.00025429406992929056,0.0001038020618952181,-0.001335676450210445,-0.0005782433565770928
2025-06-12,-0.001635298435754865,-0.0003103593214668447,4.9388945509439774e-05,-0.00031270061583088646,0.0009707065520454687,5.4510956984707656e-05,-0.00012527132185593488,5.3173052226912316e-05,-0.00011327481076111916,0.0007275302176874873,0.0003661893126039346,0.0003030264506342815,5.4874925186681596e-05,-0.001348347306745258,-0.0009161090988510756
2025-06-13,-0.0018090254508201363,0.00014212936404681204,-0.0008060005045785446,-0.00021081907089057813,-0.0010249011939231557,-0.0006374383071194297,-0.00010432443816137002,3.891276410921954e-05,-0.00013967186184883984,0.0015545216501283148,0.001083436080284275,0.0009775069888896917,0.00022020585379832814,-0.0010618300972872715,-0.00044283709119994166
2025-06-16,-0.000917957198806456,0.0002556241631061311,-0.00028514026493791706,-0.0007738939551489722,0.0008944665879747338,3.0901456090514884e-05,1.656140621014859e-05,-1.3210891400260762e-05,-6.127397707557028e-05,0.002171803713058702,0.0008699399848856836,-6.604756787138506e-05,3.937447980718725e-05,-0.00018913085369793694,0.0006906990564875149
2025-06-17,-0.0009084840103556741,-0.00015019433680033895,-0.0005786665644176515,-0.0014334373605433893,-0.0012459790439479173,-0.00041445502136585075,-8.093903820776068e-05,5.7863954431302314e-05,-4.858415380202011e-05,0.0036898675086046075,0.0008551918524357977,0.0005578353226841911,6.087950054646137e-05,0.0010908516351176769,-0.0004905360421467914
2025-06-18,-0.00034181907181120237,-0.0002827245105467143,-8.823738448511749e-05,-3.512673913470739e-05,-0.0008422328026110337,-0.00031214970994367314,9.566122445430095e-05,-2.1650756971006355e-05,-4.9924782868164235e-05,0.0024578789886421635,0.0006898759481842806,-4.965467014955584e-06,0.00011546501363913967,-0.0009927885147190416,-0.000547747852464239
2025-06-23,-0.0018873248527761846,-0.00020291690161365953,-1.574882356223708e-05,-0.00023535259109446673,0.0008036350210867802,-0.00025800635062491004,-0.0003950109507714634,-5.632218988117552e-05,-5.511304141161804e-05,-0.0021913846187437414,-0.0007697511021501633,-0.004979257607086787,1.9982159611621394e-05,-0.0015903567459002025,0.0006451304443493205
2025-06-24,0.001478091460942851,0.000560155160936799,-0.00022656563337613325,0.00033139130085439505,0.00042375967258307984,0.00010358282076373837,0.0013536224448072582,-0.00015370026630269249,-5.945904311169886e-05,0.0032270232685898876,-0.0021606516782481312,3.811373843319667e-06,-0.00016499896071271202,-0.0015281146279361034,0.0006699012279172619
2025-06-25,-1.705866739009704e-05,-0.0006436937804772169,-0.0002471260568228722,-0.001028481504994754,-2.2468495802977246e-06,-0.00028408793287805034,0.0014213024348713446,-0.00010423046527733409,-9.419181731633671e-05,0.000939922662795582,-0.002046900022355598,-9.154416781266668e-05,0.00011464464323771244,-0.0014792457266371492,-0.0007239725536608895
2025-06-26,0.0011957743907198015,6.562148586009983e-05,6.746119641375986e-05,-0.0004430634327924051,0.0011277203085915913,0.0001231107392904996,0.001644583802914129,-3.407489452796027e-05,2.4917694856419055e-06,-0.0013689736238427686,-0.0030433274822007582,-0.00027140286447247935,-9.802512235147472e-05,-0.0014508171851288474,0.0010004437801612606
2025-06-27,-0.0003671168707901229,-0.00029141777894022285,0.00013750778575834555,-0.0012279409894576472,0.0015441152623809624,0.00018222659497445028,0.0012773039995828668,6.193236027734789e-06,-4.561493391155001e-05,-0.002108503208606783,-0.0022644328879821286,0.0010847053440022102,-9.92242609529383e-05,0.0011068611429625496,-0.0006550135259459818
2025-06-30,-0.0010024649236779711,0.0004957492802808182,8.14638579728331e-05,-0.0017396133472501474,0.0011048364026340005,0.0002702543634732373,0.0007010587056445275,5.983586745780407e-05,-4.8625731334707525e-05,0.0002831710926895928,3.2773393368236535e-06,0.0002986499963367762,6.764302841116486e-05,-0.0015007251320775911,-0.0007336885583489578
2025-07-01,0.0002455324880240219,-0.00025410134651407976,-0.0003637269183290657,-0.00016777610196314077,0.0008676808082105916,0.0002857303505831576,-0.0003262839379395147,3.4583347572696984e-06,-9.811693401578824e-05,0.002008599517539905,-0.00039932934572252236,0.0002455596588273618,-1.3879839791393344e-05,0.0010244526713853376,-0.00045721055111736
2025-07-02,0.001253646103225396,-0.00014556957869195507,0.0003698210401286903,4.270076981056624e-05,0.00044859222533668734,0.0007766817085403236,-0.0003528541787736008,-6.299008125331186e-05,-0.00010168495007939043,-0.0008859990573672055,0.0005509307869556032,0.0008738643774337353,-6.0358265038616285e-05,0.0010688287637734821,-4.789304719730628e-06
2025-07-03,-0.0006269811244376509,0.0004168439810805569,0.00032626200087303457,0.00021490207816241553,0.0017468774581920806,0.0008767489307393158,6.40427302387103e-05,-3.608688153587734e-05,-7.878160173375442e-05,-0.0015448274844884983,0.00031148134192824186,-0.00018758218068893129,-4.195387287336684e-05,0.0011102955174885714,0.0013449543000429
2025-07-09,-0.0006140324892611733,-0.0014503087007968181,0.00029990917414888016,0.00080672393723006,0.0010497716556933346,0.00013168670254848195,-5.748962021981849e-05,-6.240886562119304e-05,-0.00010054585419170169,0.0003042311633197953,-0.0008194084099409115,5.485826295650637e-05,4.265596354962392e-05,0.0015380652572332997,0.00023307704776146535
2025-07-10,-7.026602559714315e-05,9.049972891983396e-05,0.00015203998452540922,0.00021147468767905724,-0.0001882991399339809,0.0001617550697158309,0.00011208282819594191,-0.00010218313555388258,-0.00010419029150506014,0.0030705153299794533,2.9994727766200288e-05,0.0011734182203458304,1.3568151570577925e-06,0.0016418196282035203,-0.0006907711608406925
2025-07-11,-0.0007842343312400295,0.0005852512157348869,0.0003082213824572686,-0.000508115358254414,-0.0006752838754189332,-8.957274059623382e-05,0.0001589525803782139,-0.00012758978616575126,-0.0001227351545059666,0.000892563032505287,-9.547898695367694e-05,0.0005747516693259891,0.0003945106361522489,0.0010928491042758264,-0.00047484660030462433
2025-07-14,-0.0006732184651190907,-0.0009654012525458033,-5.889612801166919e-05,-3.5970231020048567e-05,-0.0005980133721065988,-3.2014941108843394e-06,0.0003018312957804097,-9.787051386848125e-05,-8.536908068888236e-05,0.002151198112120429,0.00044561263211130326,0.0003329182570645884,3.093993449632956e-06,0.0009342695655190109,-0.0006249946177544633
2025-07-15,-0.00011272870680939809,-0.0004048469959278498,-0.00043857821471885366,-0.0008642723104157633,-0.0009921526548311054,-0.00014113536711785494,-7.536169444451044e-05,-0.00019677655643019398,-0.00019698567465909524,0.003156081219646143,0.0002753116357132374,0.0005982194975123582,0.00018170635134209096,0.001224686786126434,-0.00045767139747973813
2025-07-16,-0.00032707957259403943,-0.0004263161634935365,-9.467420142412546e-05,6.271621204743603e-05,0.0008717815000535824,-0.00012033247477197964,8.335563622530598e-05,-0.00016542833565582352,-9.639908171776489e-05,-0.0010243692113902337,-0.0010539737826712019,0.0007597790553303981,-1.8406163822644862e-06,0.0009862702765393047,-0.0009105745568355905
2025-07-17,0.00021694642705730673,-0.0003586303119838754,-0.0002045699169828658,-0.0009121637364398501,-0.0005739759979783126,5.420307069275393e-05,0.00016849404983518634,-0.00019057603121798943,-0.00010591589310881698,-0.00028067325565386397,-0.0007529671022534896,0.0011344637371618383,-0.00011941848424667486,-0.0015999281186382026,-0.000783855008858088
2025-07-18,-0.0007879421170149327,-0.0019731013921626367,0.0002757264138298091,0.0006104594723729229,-0.0006047535174428397,-0.00022992255054082893,4.609645423604451e-06,-0.00020726555159981776,-7.174523933621556e-05,-4.670652627108746e-05,-5.830330962713067e-05,0.00033524733158288127,-5.001694005147424e-05,-0.0016442864390523333,-0.0006122082757524632
2025-07-21,-0.0007781661842475772,-0.0002849417057905162,-0.00028922830662672595,0.0005315828157748964,0.0003309007958981728,-4.099092554988366e-05,-5.517225709856297e-05,-0.0002127598718969167,-0.00011628079594947394,0.0006587985667621326,-0.00018903693432339522,0.0001560978878162326,7.077923924598432e-05,-0.0019274591031437568,-0.0005959789514918007
2025-07-22,-0.0022243347036724694,-0.00039664843139024095,8.871468767041245e-05,0.0005841809230950273,-0.0006410004432812651,-0.00014098498181222048,1.5280394890835698e-06,-0.00012768657083543218,-0.00013482011934193067,-0.00035906059973239376,0.000823553940360624,0.0005522609648915045,0.00011044489614212695,-0.001666071705076216,-0.0005910900698938053
2025-07-23,0.001634904015970377,6.0924590095760126e-05,7.478701749898203e-05,-0.0005384205955704206,-0.0008335175744899088,-8.622917601375269e-05,5.582333563115871e-05,-0.00020982173838810528,-9.760241577158545e-05,-0.0006347208482467215,-0.0018435415057084321,0.0011786590123652057,-5.621863733489486e-05,0.0008267759096738969,0.00047254839636108836
2025-07-24,0.0012388598517305862,-0.001913342411607503,0.00010505196165747686,0.000851138409890203,-0.0002989063664872971,-6.473294916510353e-06,0.0007537708443292605,-0.00021006680711086866,-0.00010259744078393253,0.0003761020590532104,0.00027755424346543684,0.000376382529865524,-0.00017260317658404547,-0.0018601017386248616,-0.0005788858732355858
2025-07-25,0.00021876067982268353,-0.0002694440690171699,-0.0003201790810608016,0.0008049407438601324,0.0010681636033387102,8.195796935725175e-05,3.129211154835405e-05,-9.99314312090126e-05,-0.00014114207421062148,4.2060656916188114e-05,-0.0019660258003568604,-7.237125302884869e-05,0.0001641634557499127,-0.0020723353759437,-0.0008290156928429913
2025-07-28,-0.0010458132836668717,-0.0008349684465615596,0.00018805947841489103,-0.0005126157109910243,-0.0005329543272826291,7.23707027361562e-05,-6.960908086577206e-05,-0.00014784450820432704,-0.00014565186252371562,0.000519906371973868,0.00036365637038603203,0.00023382814716339947,0.00019030197890365142,-0.0019728272072699346,-0.0005682695232191912
2025-07-29,0.0014298741473221727,-0.00027130074798096605,2.687512367921691e-05,7.334520503765757e-05,-0.0004609407646958674,-4.586701330613555e-05,0.0004471772794165399,-7.226560020149431e-05,-0.00022512072517256944,0.00235798394372893,-5.087596281280484e-05,0.0007351612574936592,0.00012975989896866163,-0.0017455062831425053,-0.000562686458843367
2025-07-30,-0.0005052569688165152,0.0003920155021333457,-1.5355923857487227e-05,-0.0005743541770818218,-0.0010580990024419618,2.7011770405633977e-05,-2.4371132341912565e-06,-5.1048662036893754e-05,-0.00014418006236023386,0.0028464892124269196,-0.0013695170672416413,0.00010484436998672938,0.00013781897849237716,-0.0018351203537567563,-0.0004275689486623094
2025-07-31,7.890634979530254e-05,-0.0012553632489515033,-0.00026682895077519847,-0.0004906481687327374,-0.0012869435172615793,6.149920144172519e-05,-0.0007942775321148998,-3.4697964813898835e-05,-0.00011457112503333549,0.0005278034159875196,-0.00022457761945668406,0.00021431295948632847,-0.0001951207534255415,-0.0017074020073913525,-0.000372098195028936
2025-08-01,-0.000702083750003315,0.00042125115961604703,-0.0003806056508820568,-7.03510154233888e-05,-0.0011298333737640614,-0.0007733429766636821,-0.0023175368591642166,-4.932821165818718e-05,-0.00016419518670969077,-0.0014668491771541192,0.0007292021101236985,-0.00012106112596094684,0.0002705204445292103,-0.00029554067640690207,-0.00021028768047280284
2025-08-04,-2.2889183107992253e-05,-0.00039210560659636213,0.0001565486643359274,0.001213828323665675,0.0014645510078764158,0.00019399317882809824,0.0011313400733831195,-7.554855196550347e-05,-0.00011552958967937015,-0.0021327056006835575,-0.0013287977241871988,-0.0005001793366648332,-0.0003998407996416073,-0.0007421419974887195,0.0012783834400678818
2025-08-05,0.001062228933503317,-0.00018870092792426052,-0.00024799036957843303,-0.0009763699818290221,-0.0007551202505032987,0.0003962931262281376,-0.00015935205555063462,-0.00010704686648754733,-0.00013266411692494773,0.0007368543973629425,-0.0002698300842125536,0.0005086600198116916,0.00011498614977662588,-0.00045156589043953625,-0.0003976113748047581
2025-08-06,0.00023032713350244668,0.000398811371406418,6.3846659131436e-05,0.0009695320107634196,-0.0007678063248712887,0.0005175277897720575,-3.131633897599395e-05,-7.89011219966985e-05,-9.634023672739123e-05,-0.0010545232057566523,-0.0011770554507143445,-0.00023539775466507252,-6.604692523886388e-05,-0.0008080323669441783,0.000727147447835798
2025-08-07,0.0028272538485154507,0.0006718724220712805,-0.00034894620896902805,-0.0012056892552050336,-0.0010528980261675005,-8.630350861014131e-05,-0.00022296502852185162,-0.00013951225574784364,-0.00012887506037797302,0.0017809915275706083,0.0003876002642589453,0.0006075729463121707,4.5458052862374265e-05,-0.0006498701357766503,-0.0004959830085379785
2025-08-08,-0.00015074274484636044,5.533776542118795e-05,3.720304703092628e-05,-0.0002764051466181611,0.0012064651265346299,0.0006199225686504011,0.0003016786323529878,-6.335177133657963e-05,-6.530647002202894e-05,-0.001281199317094656,-0.0015878153016708947,-0.00033974212018040813,3.5159036085058586e-05,-0.000774159173892371,0.0007710568703077494
2025-08-11,0.0003997668602674695,-9.753382054630833e-05,0.00032556527624623817,-0.0017204893770064414,-0.0007590609510615345,0.0002463229425547819,-0.0002159303906612712,-8.234316355777169e-05,-8.33173618579761e-05,0.0005838498250538719,-0.0005533843505450941,-0.00017816702353428503,0.00010702104593649864,-0.0005057105588015463,-0.0005937091597464653
2025-08-12,0.0002582333936610053,0.00081017524895442,-0.00022618755176935263,-0.000982930979647785,0.0019826375537676773,0.0003434912481823184,6.443573535188819e-05,-6.754322043157203e-05,-4.1574354297702544e-05,-0.0021387447958589184,-0.0011248357489960917,-0.00023231213524240235,5.5429369411706676e-05,-0.0007399906922579844,0.0007061793964847258
2025-08-13,-0.0003315756166839492,-0.0010301471164924827,0.0002395235757191497,-0.0012198257018394144,0.0009791089784647073,0.00027592226518855027,-0.00021128760101346873,-0.0003643432413116984,-3.358224953659748e-05,-0.0001876751922671314,-0.0006656816311382882,-5.0294659294120874e-05,-0.00075042080809691,-0.0005824134682457077,-0.0010088387257449205
2025-08-14,-9.48561817177596e-05,-0.00026791813262068333,-9.53506943422477e-05,-0.0005175823045076817,-0.00038018228800836256,2.6549489268901187e-05,-0.0002940038181689878,-3.1048329409113625e-05,-2.2197554212270136e-05,0.0005619839136036641,0.0007973077371962446,0.0006349556393465867,0.00011660120041252726,-0.0005514934515631932,-0.0008026813123455523
2025-08-15,0.00014785373726074354,-0.000348993372693216,-0.0001891212118733905,-0.00016918573295836092,-0.0009313562075896452,0.00016559695260671083,-2.0614870936162337e-05,-5.3577792958846154e-05,-8.581135452978294e-05,0.0006270931163500343,0.00036164030203337703,0.00047888955663938154,9.967529809086853e-05,-0.0007766382412923663,-0.0004062566774424796
2025-08-20,-0.0008011972598408083,-0.00021771997837125338,-8.476200071632602e-05,-0.0005375470112004452,-0.0007452137230021965,0.0001573576087417846,0.0001952400366277463,-6.372527903172851e-05,-9.329430147628874e-05,-0.0006097627279941777,0.0008611485693683216,0.00011438816923182574,5.644278418487696e-05,0.0007828972546431656,-0.0004577003742267228
2025-08-21,0.0004347551444079704,-0.00031169762494469684,0.00017001639254678007,0.0009577959348184397,-0.0006788680749551348,-0.0005411052693976721,-0.0009547593528070323,-5.374766359265094e-05,-9.062819700492225e-05,0.0014138206324397174,0.0009173245196680579,-2.877353912937734e-05,0.0001186183517995767,0.0011528873927365573,-0.00035157963268849966
2025-08-22,0.0006326352056957002,0.0011790187158849514,0.00032484742900585234,-0.00024034256742474003,0.0011523960435821132,0.00017224113009283446,0.0007358097852375352,-8.628877575581744e-05,0.00015200210865817248,-0.0015111803240858215,0.0010596402224856494,0.00017832669241115727,-0.00022024632801804893,0.0005405138305101123,0.0006754992078919387
2025-08-25,-0.0014595692980582746,-0.00015132601374300968,0.00013712163852479963,-0.0010625604803596762,-0.0009452811670216077,-0.00037303472288882975,0.00022911565284953957,-0.00024085761495201984,7.655359697721761e-06,0.001639483209341326,0.0009739255712203438,0.00012115292978539273,0.0001751433380436056,0.0008147457539047254,-0.00048153731564078384
2025-08-26,-0.0008129495569555301,-6.471235213204549e-05,0.0002509274871742689,-0.0002530713481481757,0.0013667200525859875,-0.0001532430267461458,-0.0002032907559383453,-7.016646924217393e-05,8.30092617161348e-05,-0.0011061856071848202,0.00034892879821333937,-0.00021475442293122793,5.241936518894717e-05,0.00016958842612225722,-0.0010270549419990856
2025-08-27,0.0004018159572065667,0.00016014228566574364,-0.0008076706581470784,-0.000647284112277754,-0.0006695195511880902,-0.0001735685259678181,-0.00036486810107434525,-6.474171597754693e-05,0.0001097544848080179,0.000330663875778977,-0.0012883968481760056,-5.059197631804869e-05,7.783126793355439e-05,0.0006535431048405202,-0.0007294063840590012
2025-08-28,0.000421983419443177,0.0005792669472072752,0.0001724663518929756,-0.001106778387203921,-0.0008537993756945711,-9.467202698935321e-05,0.0016499250747190797,-1.29859410193742e-05,-6.681750968776361e-05,0.0001846851218848313,-0.0023642274431167364,-9.767766874426022e-05,5.0667824449891896e-05,0.000712124430308662,-0.0009453050170346805
2025-08-29,-0.0009019316996469163,-2.6824051672863802e-05,3.17178095096076e-05,-0.0005505625908110513,-0.0009462584682495266,-0.000563906310611208,-0.00034584458938389465,-5.913909351483336e-05,-9.781603330813891e-05,0.0006616761946822751,0.00012992155499533503,0.00039292485336253066,7.098213179979628e-05,-1.0002179800674458e-05,-0.00044512788311932124
2025-09-03,-0.0003299357504373069,-0.00028640657470484617,-0.00029782011838202957,-0.00030015215323087404,0.0015289352395500965,-0.0002642357221002834,0.0007992213607996727,0.00012551623866396814,-8.2709104563778e-05,6.0697160201768956e-05,-0.0014378036840324553,0.00034256668631508895,7.70144444698366e-05,-0.001091743452264156,-0.0007038359660003371
2025-09-04,6.357137518219653e-05,-0.00029562316746808916,-0.0011071872136038784,-0.0004920760019262547,0.0016393902773366104,-0.00011648138239502214,9.777601947910132e-06,6.005544948274668e-05,-0.00013416369583471368,-0.0008520157557614342,0.00010680073089314688,-0.00011161640056851332,-0.00011005481818081628,0.0011215583795979984,0.00023118857819953703
2025-09-05,0.0009250769668184961,0.0003143730408946826,-0.00022102884494903713,-0.0004975747609451028,-3.642402385073062e-05,-0.0003707782520311124,3.2478624960458984e-05,3.2063173599854037e-05,-9.138435352813727e-05,0.0006783742610018983,-0.000387926619990725,0.0006967714390006804,0.0001618870383545659,-0.0015986598489313283,-0.000584003865447719
2025-09-08,-0.00023698944356402232,-0.0007649972324185295,-0.0006276099117385757,0.00033144611087249277,-0.00014972224641912144,-0.00020630981492830572,3.656044808471826e-05,4.352930717564731e-05,-0.00011626693678462486,0.00038138628104605275,0.000803651092669957,0.000215281545939869,7.754484402356662e-05,-0.0016064569579710294,-0.000661255109451941
2025-09-09,-0.00025952975345267394,-0.00014161118590121284,-0.0007038735975012372,-3.520670726669865e-05,0.0012490477310798333,-0.00023406550753615128,3.338576142595213e-05,5.2944007602571235e-05,-7.008515712656988e-05,0.0011510256075219702,0.0006313507517560203,-0.00022593936048686037,0.00010050226871250446,-0.0012392390210660094,-0.000737153672486185
2025-09-10,-0.0009920094700965564,-0.00037695012701150844,-0.0008107080407897953,-0.000739321468577165,0.00021258184522001747,-0.00026532081285743944,-0.0002540943464421877,1.2707483296344365e-05,-6.838900336645285e-05,0.002115340268116322,0.0008298321586905024,-0.00019822322655817194,-0.0007481415501288987,-0.0017668401181632043,-0.0009462974842310708
2025-09-11,0.0013896754934137891,-0.0003557312941117714,-0.00027632312551303674,-0.0007582746461629661,0.0014136599216371451,1.153220075754626e-05,0.0006263831102044212,8.739433422501765e-05,-5.8487186366416126e-05,0.0002431985367901874,-0.000772287101639567,-0.00029724268642990665,-4.166383166405542e-05,-0.0016123780290408691,0.0008161790853388097
2025-09-12,0.00014040872087322292,-0.0007028746904746155,-0.00011517812146150082,-0.0013820061613543252,0.0005255573094356499,-0.0003046108169028374,-0.00019362217542163765,2.7599933522669425e-05,-8.781765781754795e-05,0.0026596952839757822,0.0003631497096225338,1.8630386246369896e-05,0.00011144016352481887,-0.002063491080163986,-0.0005768928871034397
2025-09-17,-0.0010743539263469138,0.00021155785932961945,-0.00031282817483652245,0.0009332897518907927,0.0002479329259269914,5.410025059581113e-05,-0.00029979112138109326,-0.00011159977175601562,-8.420872084336998e-05,-0.00015303787281285814,0.0006228326479507135,0.0002786130990891977,0.00011835569095789682,-0.0017346152171186901,-0.0005802558965279769
2025-09-18,-0.0011727863700914793,-0.00027577418943869336,-0.0004493584671421191,-0.0005464942274730998,0.0014438384452774384,-6.196750410626507e-05,-0.0003374746422534374,2.1265050409155586e-05,-5.1275766202344734e-05,0.002283063506083826,-0.00014159735976307288,0.00042020636035538394,6.373592703267068e-05,-0.0017992963905588666,-0.0007695226609669721
2025-09-19,-0.0013065012469854593,-0.0003140285994579196,-0.00015027155733996595,-0.00011011820790534953,0.001331604966203649,0.0004162968386290646,-0.00025409757447142546,7.093583138250557e-06,-5.1674621229576096e-05,-0.0012646839286746816,-0.0021920547445792205,5.817463669142655e-05,6.570379189631559e-05,-0.002156951957946869,-0.0006872605049605661
2025-09-22,0.0011395699053704453,-0.0005215991333291162,-0.00022448264697754247,-0.0007924382964532292,0.0012070516853773649,-4.631693652595112e-05,-0.0003381695830818846,1.3866419726962693e-05,-0.0001210875745835348,0.00021508547374088924,-0.0023054250758310396,-5.328054459842637e-05,9.476899645754992e-05,-0.0022272989690918497,-0.0008467163112391843
2025-09-23,-0.00011858716580342657,0.000300239422628357,0.0001926929864005424,-0.0008746898104903759,-0.00018024418360463936,-0.00029868726848667013,-7.061267169564868e-05,5.267915516180427e-05,-0.0001522850597184622,0.0030978516298236767,-2.530119961683564e-06,0.0007950097530226033,0.00016578918362239632,-0.0021915540562458006,-0.0005557565465556888
2025-09-24,-0.0010266820189003237,-0.00025874594025439935,0.00019239010393481536,-0.0009675248835469165,0.0009282998908391659,-0.00025567473689204224,-0.00019167103628779018,5.098234686160776e-06,-0.00012135165885017785,0.0006676591456481411,0.00016897968510506096,9.128105819433509e-05,0.0001082475830214354,-0.0018768645086357678,-0.0004284322321450872
2025-09-25,-0.0006695279475286905,-0.0011395835783793529,-0.00015229315046721463,-0.0014335605954214267,-0.000718576409831666,-0.00024701280618498364,-0.0007125780824941971,4.830834031451852e-05,-8.944459318210472e-05,0.0010981512808106737,0.0005151699284420366,0.00019986304518770093,0.00011537497264885832,-0.0021792573461343794,-0.0002279172355590944
2025-09-26,-0.00024401279238417197,-0.00042362156231949945,0.000261897914557512,-0.00043942341359256377,0.00026086805943104666,-0.00013372056085886853,0.0009198356650611095,3.528274894962708e-05,-0.00010504722245077637,-0.0021155757041835064,0.00044276540385136123,0.00016921218730370634,4.0258965556428994e-05,-0.0019381055291643257,-0.0002762563740022222
2025-09-29,-0.00018992011566187298,-0.00038891741614675043,-2.6392115822925446e-05,-8.635589082750273e-06,-0.0005559508428958408,-2.685202706055017e-05,0.00015772472265025602,-1.8918692269548473e-05,-9.105436836576568e-05,0.0008914005211745577,0.0007803143519942604,3.6338348552871485e-05,2.0033011868054363e-05,-0.0018821818723024552,-0.0006739360205662226
2025-09-30,-0.0009806424110914288,-0.00037289712538473874,5.0821696464871235e-05,0.00033557874760527505,0.00012244971035886858,-6.326160244776855e-05,0.00047446264109246165,3.6268051271036454e-05,-0.00011077749202948944,-0.0014211474290694872,-0.0013487071293405623,0.00013232027500811666,-7.182102798443538e-05,-0.002011253564168171,-0.0009030806364161491
2025-10-01,-0.0010267664970119467,-0.00011125478297121204,6.549486451120265e-05,-0.00012028740112238678,2.705750476103382e-05,-0.00014586552557052082,0.0005411906085105449,4.028316889589673e-05,-0.00013710835852173044,0.0007527602161498723,-0.0004969717477515326,0.0002945003867626157,-2.009776861035933e-05,0.0005148417695381419,-0.000923791204975013
2025-10-06,-0.00045965716842373625,-0.0001332807728036685,0.0002206058963841738,0.0005154254436941017,-0.0004968181233695119,-0.0001413179388916569,6.90911599112446e-05,-3.411613764016603e-05,-0.0001596727143369285,-0.0002322207328713941,0.0004650717481132588,2.6900614913093958e-05,0.00036638920337041584,0.00023668995939895207,-0.0009837864127006618
2025-10-07,3.990297740257016e-05,-0.0023564235765280673,0.00030376896473772617,0.0006339179347715717,-0.0011442592223990559,-0.0002879051633039054,-2.4684417120327156e-05,-6.305944708165868e-05,-0.00017337588196853027,0.0009714557084776376,-0.0007748102902598204,0.0002870123588459055,-0.00037527978972543225,0.00012697208602189852,-0.000609632381672505
2025-10-08,0.001957708325565927,-0.00039193326619760797,0.000519861082378999,0.0006799875354068593,0.0011544795980795567,-0.00018011646470617683,0.0009769156306172987,-3.1793540982950696e-05,-0.00012089962859648545,-0.0007056879821894146,-0.00025080566188012926,-4.881460043550525e-06,0.00032786187353093794,-0.002033295501126415,-0.0006900394552571412
2025-10-09,0.00022003894531757434,-0.0003130443160540227,9.189858152083671e-05,1.386580797234895e-05,-0.0007636559071823018,-0.00028350277617488455,-1.5730037684857927e-05,-4.7686725962910416e-05,-0.00020629351158222837,0.0005478341625097198,0.0002140080807917456,0.0002390089643791477,0.00010704348155651099,-0.001472013972287993,-0.0005332603218177425
2025-10-10,0.0003301512671281901,-0.0007631992510308599,-0.00022092944496420925,0.002018768347466473,-0.0020484739101765655,-0.002158585624006396,-0.0027049987481052797,-8.247808951296566e-05,2.3179005226601893e-05,0.003367075268255038,0.002727866976085129,0.0008081453951426174,0.00043797601029019716,0.0008765740702357708,-0.00015030195708172134
2025-10-15,0.0019165010933538025,-0.00027383337682071153,0.0002477392836251031,-0.0003847301253074072,-0.00016531170928315824,8.468108309796659e-05,-4.3373606709747396e-05,1.2495755935312207e-05,-0.0006291832959171185,0.0019764142672044614,0.000257283006742434,0.0003795159466869375,-4.0097033339627506e-05,0.0007059389171697216,-0.0008704957120612568
2025-10-16,0.0018680737226404306,-9.128005614482649e-05,-0.0012414642784395733,-0.0004050816635079631,-0.0014788316047834277,-0.00048033802855670346,2.670514676092386e-07,9.985937434169013e-05,-0.0008538740126836235,0.003367075268255038,0.0007605678038655805,0.0008157761665985542,0.00010258163106177997,0.0008445427563124721,-0.00037013744678133397
2025-10-17,3.442990143614552e-05,-1.270268588279688e-05,-0.0008520915647141904,-0.00019855911034779046,0.000616042371711423,0.0003622624295370671,0.0009672794673680124,2.251678903376108e-05,3.568442173742957e-05,-0.0004812743233931601,-0.0014357938665313008,-0.005320013474406766,-4.838826581544089e-05,0.00095522416637517,-0.0007067593708303712
2025-10-20,0.0006355208652525998,-9.707927526841175e-05,-0.0006493865793877496,-0.0006140920655606161,0.0016121809360029656,0.0005880214174273318,-0.00012458718247475352,-0.00029807668510266886,-1.1684595814742768e-05,0.0010222728661026424,-0.0019537539456854613,0.00034589517456293077,-4.385041456608849e-05,0.00032201270310020826,0.00019062650649386925
2025-10-21,0.0002687058175122421,-0.0002550508980501875,-0.00034398223082838175,-0.0007094709086443722,-0.0008285762688391727,0.0005192984467379464,-0.0003878839631641613,3.248439264502339e-05,-2.140933822925761e-05,0.0008266085813634586,-0.0003278702986514898,0.0006571476439045308,-0.0007529590305139864,0.00040574436674573674,-0.000762388615564767
2025-10-22,0.0016446317505235848,-7.87553260608287e-05,-0.0004228839664951847,0.0006985464920395704,-0.0010569998862785003,0.0003038412526276794,2.2249005055556895e-05,5.68365938557843e-05,-5.5458831476455846e-05,0.0033787344711563292,0.0007634160248605224,0.0004786657151704785,8.758452211124736e-05,0.0004687945408123371,-0.0005365664139395487
2025-10-23,0.0006961427409483635,-0.00033157490616835797,0.0005948268128477182,-0.00042332949357417514,0.00011706166873989221,0.0005220984259828492,0.000398837471976921,3.579470279117626e-05,-2.0567273659583206e-05,-0.0011443363617336,0.0005071242589833273,-4.756575621292127e-05,-6.92737712196589e-05,-0.00016704884828377503,-0.0006550111920892112
2025-10-24,0.00020490926140884794,-0.00033440426037036796,-0.0005259247635647515,-0.0008401316661604748,0.001392612758494149,0.0005870183811737552,0.0005260678152676324,-1.4200696576292668e-06,-0.00010396851533933175,0.003235811243538216,-0.0008309151688600685,0.00036445759662508045,-9.12249043387542e-05,-0.0003444873159967265,0.0006312102878752028
2025-10-27,0.002127750395999731,-0.0004239658438999683,-0.00044461575223246906,-3.560139787131965e-05,0.0018231377001420334,0.0006407702816480852,1.0856235774589342e-05,6.194025803974577e-05,-3.864980460473984e-05,0.002827647025929708,-0.001284351977426521,-0.00024666998170783046,-0.00021843509306494044,-0.0004783476615292515,0.0010645214547297926
2025-10-28,0.002258691895945863,-0.00043327051254306385,-0.0007128064751012036,0.0005531453089026039,0.001421208166013018,0.001226827901649706,2.2886247968754577e-05,6.958152851346673e-05,-4.078711503957867e-05,-0.0002385860416681093,-0.0021865757413546136,-2.2797072600506302e-07,4.287123839426036e-05,-0.0008494639055304955,-0.0005431922063393618
2025-10-31,0.00019317238954760847,-0.0003175561438706034,-0.0005537418411332367,0.0009045222777893391,0.000755472822757163,-9.122572950721143e-05,-2.1937143490196535e-05,4.1762940264632394e-05,-8.106516699369576e-05,0.0007227288214045251,0.00015158653120247144,0.00016560644706712881,0.0001028447408636696,-0.0003937910656426757,-0.0004840373070926699
2025-11-03,-0.000259474302263491,-0.00035401790061719127,0.0003538285750762829,0.0015626107290470153,0.0002516649515090051,-7.040005166569524e-05,9.479493362953459e-05,7.463313121179697e-06,-0.00010364436953517224,0.003352245285266208,0.0008701487417647045,-0.0001030006774064705,-8.681953601389505e-06,-0.0003731809752151021,-0.00034879037674480124
2025-11-04,0.0004733561934804022,-0.0001112039678130823,-0.0009337464150903635,0.0006993825232678643,0.00016989111020536038,-0.0004669509913766688,4.261073700912726e-05,4.4028792952489605e-05,-0.00013461264812788282,-0.00010893752363375711,0.00029734130800226574,0.0007850152928336036,0.00017093011501725607,-0.0005441050680340918,-0.0005160201938748447
2025-11-07,3.8177386387602276e-05,-0.00031794210516321086,-0.0008973863547816831,-0.0004441201344346979,0.0012303835729806415,-0.0002906711518534393,-0.00010410363590817074,3.04711241721152e-05,-5.819257145087575e-05,-0.0013805563341548997,0.0007209287776470648,-0.00018272770349451415,0.0003386885663205603,-0.0002750127177017922,-0.0003719807337159981
2025-11-10,-0.000491022028631604,-0.000292222612613992,0.0005892098436402637,0.0008320337478187927,0.0018011902441730924,0.0002981078912306538,0.0008217185662425568,-6.909416444062444e-06,-9.65521245951513e-05,0.002825598387325998,-0.0004909038652870323,-0.00046038953894382925,3.154633081074223e-05,-0.00041272124872771004,0.0006137830838548076
2025-11-13,0.0005414974069377158,2.0512577613587493e-05,-0.0015528476057069262,-0.0014221384429394736,-0.0010309547137752847,-0.0005736279906889267,-0.001988464880125497,6.917633960915056e-06,-0.00012346975756635992,0.004493002600356659,0.00010606554690834056,0.0007458477786360754,0.0001449575272462895,5.816096503345619e-05,-0.00023078902294604528
2025-11-14,0.00022686112775549327,-0.00029432909142582483,-0.0012338643420146034,-0.0004213092899507345,0.0008964578658771312,-0.0002913376469955184,-0.00022395421674052557,4.114471194794971e-05,3.732536966602827e-05,-0.0012481548316225556,0.0008593501841944035,2.4432511285533076e-05,0.00015883210153593095,0.00016618765850529355,-0.00027078772762172403
2025-11-17,-2.8779237768796432e-05,4.1398444706393643e-05,-0.0016396585372681636,-0.0005550364087622834,-0.0007606765377158728,-0.0007071794982958898,0.00010358782599435678,1.4214235116330693e-05,-0.0001419576880203622,0.0030708056553543756,0.0003313614180477058,0.0003357673815017161,0.0010803973961322245,0.0009154840308485457,-0.000140845635820733
2025-11-18,-0.0003067804300742175,-0.00011228523888066976,-0.0011647891644762192,0.0012239122669993113,0.0013387854806092962,-0.00034219118271666953,-0.00024385707305761664,2.416989648903278e-05,-5.5411973043605504e-05,-0.0020378292642845774,0.00043686465864000297,-0.00029882412718858,0.0006263609001810777,0.0009296136280509918,4.881618190584773e-06
2025-11-19,0.00028161576231873156,-0.0009204449102126211,-2.196825956925563e-06,2.2490095940292606e-05,0.0012114618048846473,2.6378315056475606e-05,-0.00033550543353832877,5.8079715708344035e-05,-5.151949811613847e-05,-0.000287201857959289,0.00043340262702673375,3.159179608704813e-05,0.00012376837707684863,0.00029690533429145723,-0.00029204628624723665
2025-11-20,-0.00010462980279754397,5.9806604129770566e-05,-0.0001408208561499225,-0.0002504209014761708,-0.0006411017959737696,-0.0007343636280412366,-9.749233240465244e-05,3.01515118294143e-05,0.0004443279170761958,0.0020601907962937553,0.0022188651750737246,0.0006675340524435888,0.000255629813571983,0.0009667578729460069,-2.7627749581547814e-05
2025-11-21,0.00040265075266486745,-0.00013592778063167192,-0.0008671224841662473,0.001571405795135116,0.0012567273653475788,0.00010711055390282225,0.00014210887280627637,2.349892930692403e-05,7.459225320221036e-05,-0.0020053673061380065,-0.0007491604087694376,-0.00014595431784831598,-0.00032919057914194814,0.0009423789328616189,0.0012339219538564788
2025-11-26,-0.0006510270603685656,0.002811038740522499,0.00017756150168797864,-0.0006174355354377458,-0.0001684298797803259,8.48291814581257e-05,0.0005425807272299957,5.615257004876652e-05,-8.403027181399981e-05,0.0003991736048225707,-0.000813899891223462,0.00010753091016729548,-5.630115200296294e-05,0.0002666538376422435,0.0008668826010881197
2025-12-01,-0.0008946264130889769,-0.00011377617305582714,0.0001223606756308943,-0.0007542762346633649,0.00030487901040481506,-0.00039692398654628144,4.8781879737987596e-05,4.937128861827442e-05,-0.00013613442542226132,0.0005563507452145885,0.00033254912906452075,0.0006670635394195082,0.00019923835451453924,3.815004299335722e-05,-0.000536249741568942
2025-12-02,7.420705153272892e-05,0.0026195834417159095,-0.000465930935799356,0.0004606548424756302,-0.0002161648781375801,-0.0001717595338521689,7.509234287149304e-05,6.155583996555943e-05,-8.460661815946109e-05,-0.00023053281606928304,2.225383456367624e-05,0.000144466172081281,2.9567511670100573e-05,7.667182029790436e-05,-0.0006367204104688579
2025-12-03,-0.0012909106929991261,-0.00011402709296186692,-0.0002658211134441635,-0.000956040960671111,-0.0004224267683687255,4.5696576210895964e-05,-3.5562768786910925e-05,7.594764528660408e-05,-0.00013802899335095786,0.000643696400301761,0.00015633148046678496,3.4247018899944133e-06,-6.198705534982068e-05,-8.155288732765017e-05,-0.0007671227116660817
2025-12-04,-0.00036441759455709384,0.001001723651400372,-0.0004767598136910597,0.0007484279724611871,0.0006882616287828624,3.502167747944913e-05,-0.00010151631338096882,2.5829401517657406e-05,-0.0001722271731269596,-0.00018161201193828762,4.494016600315576e-05,0.0007096612572323495,7.922465153772973e-05,-0.00043626736534652116,0.0002802118686617311
2025-12-05,-0.0009477827004723758,-0.003534544212574234,0.0002363356980376487,-0.0009823948380456892,-0.0004347005545352965,3.866123678773305e-05,-0.00026388242182180145,-2.5146124842909207e-06,-0.00013459590965254068,0.0023004497547267923,0.0006748955412966958,0.0002956330685006823,0.00010271657277063857,-0.00048244490466828587,-0.00015243899128384824
2025-12-08,-0.0005879337775754778,0.00042595320463244035,-0.0008865417794175885,-0.0011014256894640697,-0.0006306615335663683,-0.0001050694639779515,-0.00029740270066072556,4.113683989663251e-05,-9.873626845419689e-05,0.002383135913622725,0.0009801462171312324,0.0003909330529354166,9.438471128363289e-05,-0.00024764354043253794,-0.0005416738842228451
2025-12-09,-0.00039525809669502043,0.001400430574798951,0.00012313275528903238,-0.0009584748085256118,-0.00031721542865585943,-0.0001700166483910867,-0.0001648622428812022,7.24793028771984e-05,-0.0001153497871013705,0.0001974250698434688,0.0008975322833468543,0.0002387378366251966,7.11964956927661e-05,-0.0014846316690297191,-0.0005050190121593767
2025-12-10,-0.001233365709481396,0.00025602331447299146,0.00013104368336482245,-1.4689205398045676e-05,0.001276375413660045,0.00010997142681120976,-0.0001786891876416959,2.5500902775196717e-05,-8.460661815946109e-05,-0.001531971363082509,-0.0009460452864431414,-0.00018459737756105305,3.577967128722884e-05,-0.0014678663850557236,-6.105649775980697e-05
2025-12-11,0.0013749754262740808,1.7981133549096182e-05,-0.0003445237215444693,-0.0004750527846376331,-5.3586852207295534e-05,-0.00018383478168961426,-7.868107126865126e-05,-5.8290516024650215e-05,-0.00010863677972860609,-0.001030174032167125,1.2086315765729676e-05,0.0005773166325853077,1.9866768128716153e-05,-0.002245043666501106,-0.0006225579103530073
2025-12-12,-0.00032725956004205905,0.0029086312251106524,-0.00029941413769724116,-0.00046979115845077393,-0.0008422851058295877,-0.000630275967025888,-0.00020688345673041376,-8.18648329879658e-06,-0.00013650500806719392,0.002181569974472144,0.0005262054218229596,0.0009590691345768706,-0.0008973097729491405,-0.0012751830039292474,-0.00046252919229625584
2025-12-15,-0.0008534307219895328,0.0026886090114662336,-0.0005536972949118072,-0.0008194977318732824,-0.00043151467272206423,-0.0003044691526058306,1.8269384414670544e-05,6.725581313049107e-05,-2.351469781894034e-06,-0.00040040883334316427,0.0008456464313528829,0.000584945031936129,0.0004602857560882781,0.000412594075455496,-0.000359294932394607
2025-12-16,-0.0005332224584960574,-0.004388639227685458,-0.0004454538959720683,-0.0009275891576847451,-0.0013785280970344167,-0.0004786866869389573,-0.0015007552252602927,6.633589109855898e-05,1.1884428196237472e-05,-0.0010995229747994726,-0.00013958406706782487,0.00023230077607870768,0.00043562386853792593,0.000866623567118477,-0.00018791679953087095
2025-12-17,-0.00028603154695403606,-0.0017768114981232478,-0.0011700721370020936,-0.000937016822436163,-0.00114283731640173,-0.0007132588905398304,-0.0005483689272283987,3.235413753122304e-05,-0.00014784110998537656,0.0010488284496622804,0.0014505873636532626,0.0007756687169374159,0.0007854612375011641,0.0009072887914038602,-0.0002567489872280884
2025-12-18,0.0017103268310668693,0.00020463986549813088,-0.0017968439280197405,-0.0007777567851521224,0.0014441833984022991,-0.0002313803057241824,-8.369175088944629e-06,2.677051816328385e-05,5.719570850266064e-05,-0.0015068278408417195,0.0006151197816736532,0.0006453178637943809,0.0003294634925538158,0.000536424941064849,0.0017450993976307993
2025-12-19,9.201713762292552e-05,-8.233718254046286e-05,-0.0002893492243520246,-0.0007267192264765028,0.00020426903489437548,9.881352775686968e-05,0.0003456339103715828,-2.5971800020212243e-05,-5.417765203300735e-05,-0.0005609225741532024,0.0009308944807792463,-0.00014627954704307577,-9.548838528559064e-06,0.0005120944016526638,0.00028528061997924807
2025-12-24,-3.6659884601112456e-05,-1.9988570734669207e-05,-0.00017663144297526764,0.0002981912044181896,0.0013325322425629658,-0.000346746861426653,8.976773456393234e-05,2.9385376529773707e-06,-9.682376929426137e-05,-0.0004959277939096226,-0.0006602983237303546,-4.569563880919074e-06,0.00011119797429795588,0.0007911527006997275,-0.0011097370706973193
2025-12-29,-0.0011728634333397908,-8.39904270006793e-05,-0.0005525666641752491,0.0011329922232369016,-0.0009709190321745368,-0.0002598045181563632,-3.519516481231401e-05,-4.6290209732811405e-05,-0.0001458483927312555,0.003352245285266208,-3.189756574422824e-05,0.0008373199686711112,0.00010290927357196489,-0.0013925860046610653,-0.0004173870424313898
2025-12-30,-0.0011337622473666382,-0.0003109447094250167,0.00013973483935881843,0.001029525906341346,-0.000886511260615163,-0.00020234932837897416,0.0003206240146569593,-0.00010969933541247872,-0.00015417514256023499,0.0006382903515715885,0.0012586805668177443,0.0008861662587111317,7.197375199126285e-05,-0.0014586468262678329,-0.0003028696411869772
